"龐統當知縣","大材小用"
"賈寶玉愛林妹妹","好夢難圓"
"紅樓夢裏的賈府","大有大的難處"
"滾油鍋裏添涼水","炸瞭"
"瓦罐裏點燈","心裏亮，肚裏明"
"造屋請箍桶匠","找錯人啦"
"吹風機齣故障","壞瞭風氣"
"木偶流眼淚","假仁假義"
"癱子掉井裏","撈超也是坐"
"趕著綿羊過火焰山","往死裏逼"
"狗走韆裏吃屎，狼行韆裏吃肉","本性難移"
"趕車不帶鞭子","光拍馬屁"
"後娘打孩子","早晚是一頓"
"小偷不用化裝","賊頭賊腦"
"鞋裏頭跑馬","沒多大奔頭"
"新媳婦推車子","好的在後頭"
"毛驢笑人耳朵長","不知自醜"
"兔子進磨道","充什麼大耳朵驢"
"鼻子眼裏生豆芽","怪事一樁：怪事"
"大姑娘上樓梯","步步登高"
"七尺布攔腰剪","不三不四"
"一腳踩進泥沼裏","不能自拔"
"瞎子捉迷藏；飛機上張網","捕風捉影"
"三天賣兩條黃瓜","不慌不忙"
"熟過頭的石榴","不攻自破"
"修手錶的藉火鉗","夾(架)子大瞭無用"
"高梁稈做眼鏡","空架子"
"站在竹筒上","空虛"
"耗子啃菜刀","死路一條"
"耗子啃碟子","滿嘴詞"
"耗子攻牆","傢賊難防"
"奸狼下瞭個賊狐狸","不是好種；孬種"
"狼頭上插竹筍","裝樣"
"狼吃蓑衣","沒有人味"
"惡狼吃天","難下爪"
"羊群遇惡狼","各散四方；四處逃散"
"盛開的木棉花","紅透瞭；紅火一片；一片紅火"
"濕水棉花","談(彈)不得；無法談(彈)"
"石縫裏塞棉花","軟硬兼施"
"四兩棉花八張弓","細談(彈)"
"挑著棉花過刺笆林","東拉西扯；七勾八扯"
"挑著棉花過刺林","走一步，掛一點"
"新棉花網被絮","軟胎子"
"狼頭上插竹筍","裝樣(羊)"
"山間竹筍","嘴尖皮厚腹中空"
"圍著火爐吃西瓜","心上甜絲絲，身上暖烘烘"
"西瓜甜不甜","看心"
"瞎子摸著蜜罐子","嘗到甜頭"
"小蜜蜂說話","甜言蜜語"
"新疆的哈密瓜","甜甜蜜蜜"
"熊瞎子舔馬蜂窩","怕挨蜇彆想吃甜頭"
"土瞎子看告示","裝模做樣"
"東方打雷西方雨","聲東擊西"
"戲颱上打架","無關痛癢"
"爬高梯摘月亮","空想"
"拿著麵盆當月亮","不知輕重"
"拿個小錢當月亮","吝嗇鬼"
"三斤半鴨子兩斤半嘴","多嘴多舌"
"鴨子改雞","磨嘴皮"
"坐上飛機釣魚","差遠瞭"
"魚找魚，蝦找蝦，烏龜愛王八","氣味相投"
"魚大吃蝦，蝦大吃魚","弱肉強食"
"用小蝦釣鯉魚","吃小虧占大便宜"
"藉他的繮繩拎他的驢","將計就計"
"望江亭度中鞦","近水樓颱先得月"
"正月十五的月亮","光明正大"
"站在河岸撈月亮","白搭工"
"月亮下點油燈","多事"
"爛透的毒瘡","不可救藥"
"爛麻裏攙豬毛","一團糟"
"懶廚子做席","不想給你吵(炒)"
"藍天上的白雲","自由自在"
"癩子頭上抓癢","求之不得"
"癩蛤蟆打傘","怪事一樁；怪事"
"弟兄分傢爭勺子；案闆上的買賣"," 斤斤計較"
"拾錢不識街坊","見利忘義"
"鄉下不懂天文","見風是雨"
"豬頭掛在花椒樹上","肉麻"
"竹林裏栽柏樹","親(青)上加親(青)"
"蛀蟲鑽空大樹心","暗裏使壞"
"啄木鳥飛上黃蓮樹","自討苦吃"
"啄木鳥死在樹洞裏"," 吃瞭嘴的虧；全壞在嘴上"
"六月裏的梨疙瘩","有點酸"
"小擀杖放到醋缸裏","又尖又酸；尖酸"
"煙裏的放醋壇","酸氣衝天"
"搖著腦袋吃梅子","瞧你那個酸相"
"咬口生薑喝口醋","嘗盡辛酸"
"要甜的拿糖罐，要酸的拿醋壇","得心應手"
"屋簷下的大蔥","心不死；葉爛皮乾心不死"
"洗菜的洗萊，剝蔥的剝蔥","各管一工"
"小蔥拌豆腐","一清(青)二白"
"鼕天的竹筍","齣不瞭頭"
"黃連水裏泡竹筍","苦透瞭"
"狼頭上插竹筍","裝樣(羊)"
"蛀蟲鑽空大樹心"," 暗裏使壞"
"啄木鳥飛上黃蓮樹"," 自討苦吃"
"不搭棚的葡萄"," 沒有架子；不擺架子"
"瞎子吃黃瓜"," 不分老嫩"
"新上市的黃瓜"," 帶刺"
"醃蘿蔔拌黃瓜"," 都閑(鹹)著"
"一口咬瞭黃瓜蒂","苦"
"扳著爐子烤頭發","瞭(燎)不得"
"扳倒葫蘆灑瞭油","一不做，二不休"
"扳倒碓窩嚇婆婆","潑婦"
"拜旨走進呂祖廟","走錯門瞭;找錯瞭門"
"拜年的嘴巴","盡說好話"
"拜把子兄弟開繭店","結黨營私(絲)"
"賜竹的脾氣","一點就炸"
"抱著機器人親嘴","你有情他無意"
"抱著枕頭跳舞","自得其樂"
"半天雲裏翻筋鬥","終久要落地"
"半天打不齣噴嚏來","難受"
"半天雲裏跑馬","露馬腳"
"高山上敲鼓","四麵聞名(鳴)"
"釘頭碰釘子","硬碰硬"
"菜刀切豆腐","兩麵光"
"竹筍齣土","節節高"
"草把做燈","粗心(芯)"
"矮子爬坡","步步高升；步步登高"
"矮子爬樓梯","巴不得(迫切盼望)"
"矮子裏麵拔將軍","將就材料；短中取長"
"矮子看戲","聽聲"
"矮子過河","安(淹)心"
"矮子觀光","隨聲附和"
"矮子放屁","低聲下氣"
"矮子放風箏","節節高；節節上升"
"矮子打狼","光喊不上"
"矮子穿高跟鞋","高也有限"
"矮梯子上高房","搭不上言(簷)"
"挨著火爐吃海椒(辣椒〕","裏外發燒"
"挨瞭霜的狗尾巴草","蔫瞭"
"挨瞭刀的皮球","癟瞭"
"挨瞭刀的肥豬","不怕開水燙"
"挨瞭打的鴨子","亂竄"
"挨瞭棒的狗","氣急敗壞"
"挨瞭巴掌賠不是","奴顔媚骨"
"挨刀的鴨子","亂竄"
"挨打的烏龜","縮脖子啦"
"挨打的狗去咬雞","拿彆人齣氣"
"挨鞭子不挨棍子","吃軟不吃硬"
"阿慶嫂倒茶","滴水不漏；點滴不漏"
"阿婆留鬍子","反常"
"阿哥吃麵","瞎抓"
"阿二滿街串","吊兒郎當"
"阿二當郎中","沒人敢請"
"阿二吹笙","濫竽充數"
"阿鬥式的人物","沒能耐"
"阿鬥的江山","白送"
"鼻頭上耍木偶","麵上人"
"鼻頭上抹蜂糖","乾饞撈不著"
"鼻頭上掛糞桶","不知香臭；聞不著香臭"
"鼻頭上長犄角","齣格"
"闆凳上玩麻將","扒拉不開；打不開場麵"
"闆凳上睡覺","難翻身；翻不瞭身"
"闆凳上擱蒺藜","坐不穩；坐不住"
"闆凳上放雞蛋","好險；冒險；危險；靠不住；不可靠"
"闆凳倒立","四腳朝天"
"闆凳上鑽窟窿","有闆眼；有闆有眼"
"闆斧劈柴","一麵砍"
"到瞭山頂想上天","貪得無厭"
"到瞭火車站","鬼(軌)多"
"到瞭黃山想泰山","這山望著那山高"
"到火神廟求雨","找錯瞭門"
"搗蒜槌子打鼓","懂(鼕)"
"搗蒜剝蔥","各管一工"
"倒爺發傢","不義之財"
"倒瓤的鼕瓜","一肚子壞水"
"倒騎毛爐","往後瞧"
"倒瞭油瓶不扶","袖手旁觀；懶到傢瞭"
"倒糠拍籮","一點不留"
"倒糞倒齣耙齒","又臭又硬；臭硬"
"倒吊的臘鴨","一嘴油"
"不齣雞的雞子兒","壞蛋"
"百貨店裏賣鞋襪","各有尺碼"
"百貨大樓賣西裝","一套一套的"
"不吃羊肉羊膻臭","自背臭名"
"不長毛的傢雀","飛不瞭"
"不挨皮鞭挨磚頭","吃硬不吃軟"
"逼楚霸王尋死","心理戰術"
"逼齣來的口哄","信不得"
"崩瞭群的馬","四處逃散"
"笨賊偷法官","自投羅網"
"暴雨前的閃電","大發雷霆"
"暴風雨中的航船","頂風破浪"
"鮑叔識管仲","知心"
"豹子進山","渾身是膽"
"豹子吃馬鹿","好大的胃口"
"抱黃連敲門","苦到傢瞭"
"報紙上的社論","句句講真理"
"報時的雄雞","不用催"
"逼人跳海","害人不淺"
"逼公雞下蛋","故意刁難；有意為難；辦不到；沒法辦"
"跋腳馬上戰場","有死無活"
"逼楚霸王尋死","心理戰術"
"逼齣來的口哄","信不得"
"崩瞭群的馬","四處逃散"
"笨賊偷法官","自投羅網"
"笨鴨子","上不瞭架"
"笨牛吃麻雀","不好捉弄"
"笨驢子過橋","步步難"
"笨姑娘納鞋底","坑坑窪窪"
"笨狗攆兔子","不沾邊；沾不上邊"
"跋子趕馬","望塵莫及"
"跋子打圍","坐著喊；坐地呐喊"
"跋子踩高蹺","早晚有他的好看"
"跋子拔蘿蔔","歪扯"
"跋腳馬上戰場","有死無活"
"跋腳驢子追兔子","趕不上；攆不上"
"跋子上颱","立場不穩"
"雨天打土坯","沒好的"
"幼狗不吃屎","沒事找事"
"液水鍋煮壽星","老熟人"
"嚮聾子吹笛","白費功夫；白費勁；枉費工"
"鹹魚下水","假新鮮"
"鹹魚落塘","不知死活"
"鹹肉裏加醬油","多此一舉"
"鹹雞蛋","老醃(淹)哪"
"鹹菜煮豆腐","不必多言(鹽)"
"鹹菜缸裏養白螺","難養活"
"鹹菜拌豆腐","哪還用言(鹽)"
"下鍋的蝦子","紅透瞭，還想跳幾下"
"捂著錢包捉賊","多加一份小心"
"捂著屁股過河","小心過度(渡)"
"裁縫的頂針","當真(針)"
"教師漲工資","空調"
"布袋裏買貓","不知底細"
"變戲法的亮手帕","不藏不掖"
"變戲法的打鑼","虛張聲勢"
"變戲法的本領","全憑手快"
"花椒水洗臉","麻痹(皮)"
"花椒樹","渾身是刺"
"花椒炒生薑","又麻又辣"
"花匠捧仙人球","紮手"
"花架下養雞鴨","煞風景"
"花和尚穿針鼻","大眼瞪小眼"
"花果山上沒外姓","一窩孫"
"花果山的猴子","無法無天"
"花骨朵碰在屠刀上","心碎"
"花公雞的尾巴","翹得高"
"花崗岩做招牌","牌子硬"
"花崗岩下油鍋","紮實(炸石)"
"護城河的王八","混年號"
"虎口裏的人","生死未定"
"虎伴羊睡","靠不住"
"蝴蝶群舞","花花世界"
"糊塗廟裏糊塗神","糊塗到一塊瞭"
"糊塗老婆","亂當傢"
"葫蘆下水","吞吞吐吐"
"糊塗官判案","是非不清"
"葫蘆頭爬層脊","兩邊滾"
"病貓的尾巴","翹不起來"
"病好郎中到","晚瞭；遲瞭"
"病好打郎中","恩將仇報"
"變戲法的亮手帕","不藏不掖"
"變戲法的打鑼","虛張聲勢"
"變戲法的本領","全憑手快"
"馬後炮","弄的遲瞭"
"馬蜂針，蠍子尾","惹不起"
"馬蜂蜇禿子","沒遮沒蓋"
"馬蜂窩","捅不得"
"馬蜂過河","帶(歹)毒"
"馬大哈當會計","全是糊塗帳"
"馬打架","看題(蹄)"
"馬槽裏的蒼蠅","混飯吃"
"馬背上看書","走著瞧"
"麻子照相","臉上不好看"
"麻子跳傘","天花亂墜"
"麻子敲門","坑人到傢瞭"
"麻子管事","點子多"
"麻子的臉","盡是缺點"
"麻子不叫麻子","坑人"
"棒槌裏插針","粗中有細"
"棒槌進城","成精作怪"
"棒槌改蠟燭","粗心"
"棒槌當針","粗細不分"
"棒槌打缸","四分五裂"
"棒槌吹火","一竅不通"
"被埋沒的陶俑","永無齣頭之日；難齣頭"
"被獵人追趕的金鹿","慌裏慌張"
"被蟲子咬過的果實","未老先衰"
"背著娃娃推磨","添人不添勁"
"背著梯子罵街","發賊橫"
"背著瑣呐坐飛機","吹上天瞭"
"沒牙老婆啃骨頭","靠舔"
"沒弦的琵琶","從哪兒彈(談)起"
"帽沿兒做鞋墊兒","貶到底"
"冒名頂替","以假亂真"
"茅坑裏放玫瑰花","顯不齣香味"
"茅坑裏丟炸彈","激起公憤(糞)"
"茅坑裏的石頭","又臭又硬"
"茅坑裏的孔雀","臭美"
"茅坑裏的大糞蛆","死(屎)裏求生"
"斑鴆打架","賣弄風流"
"斑馬的腦袋","頭頭是道"
"斑鳩抱窩","懸蛋"
"班房裏的衙役","聽差的"
"扳著指頭算帳","有數"
"扳著爐子烤頭發","瞭(燎)不得"
"按雞頭啄米","白費心機"
"按方抓藥","照辦"
"按彩球的乞丐","高興得發傻"
"按彆人的腳碼買鞋","生搬硬套"
"半空中數指頭","算得高"
"半空中騎馬","騰雲駕霧"
"半空中掛蒺藜","諷(風)刺"
"半空中趕牲口","露馬腳"
"半空中蓋房子","沒處落腳；落不得腳"
"把臉裝進褲擋裏","見不得人"
"把肥料澆到莠草上","勞而無功；有勞無功"
"把鼻涕往臉上抹","自找難看"
"白糖嘴巴刀子心","口蜜腹劍"
"白糖包砒霜","毒在裏麵"
"白素貞不捨許仙","恩愛難分"
"白毛烏鴉","與眾不同"
"白貓鑽竈坑","自己給自己抹黑"
"白瞭尾巴尖的狐狸","老奸巨猾"
"白臉狼戴眼鏡","冒充好人；充好人"
"白臉狼戴草帽","變不瞭人"
"白臉奸臣齣場","惡相；惡模樣"
"鼻孔裏的汗毛","瞭(燎)不得"
"鼻孔裏長瘤子","氣不順"
"鼻孔喝水","夠嗆"
"爆竹脾氣","一點就著；點火就著"
"爆竹店裏夫人","熱鬧；自作自受"
"爆米花沏茶","泡湯瞭"
"脖子上圍裹腳布","臭瞭一圈子"
"脖子上掛雷管","太懸乎"
"脖頸上拴頭驢","不是正莊(樁)"
"剝皮的樹","不長"
"剝皮的青藤","一絲不掛"
"剝瞭皮的蛤蟆","臨死還要跳三跳"
"扳著指頭算帳","有數"
"扳著爐子烤頭發","瞭(燎)不得"
"扳倒葫蘆灑瞭油","一不做，二不休"
"扳倒碓窩嚇婆婆","潑婦"
"扳不倒坐到燒餅上","麵上人"
"扳不倒騎兔子","不穩當；不穩"
"白蠟杆子翻場","獨挑"
"白蠟杆結桂花","根子不正"
"白開水畫畫","輕(清)描淡寫"
"敗將收殘兵","重整旗鼓"
"敗傢子迴頭","金不換"
"柏油燙豬頭","連根拔"
"百裏奚飼牛拜相","人不可貌相"
"百裏奚認妻","位高不忘舊情"
"百裏草原一人傢","孤孤單單"
"百斤重擔能上肩，一兩筆杆提不動","大老粗"
"百斤麵蒸壽桃","廢物點心"
"百斤擔子加鐵砣","重任在肩；肩負重任"
"強盜發善心","難得一迴"
"欠債還錢","理所當然"
"欠債不還","放賴"
"被蟲子咬過的果實","未老先衰"
"背著娃娃推磨","添人不添勁"
"背著梯子罵街","發賊橫"
"黑頭演花旦","一變瞭角色"
"黑天過河","不知深淺"
"黑毛烏鴉","不足為奇"
"扁擔倒瞭也認不齣來","一字不識"
"扁擔打跟頭","先一頭落地"
"扁擔衝水","牌子很大"
"背人偷酒喝","冷暖自己知"
"背菩薩下河","淘神"
"背門闆上街","好大的牌子"
"保險櫃裏安雷管","暗藏殺機"
"保險櫃掛大鎖","萬無一失"
"飽帶乾糧晴帶傘","有備無患"
"盆子裏擺山水","假景"
"盆子裏擺雞蛋","不數的幾個"
"噴火器的脾氣","張口就發火"
"半夜敲門心不驚","問心無愧"
"半夜起來穿衣服","為時過早"
"半夜聊天","瞎說"
"白菜燴豆腐","誰也不沾誰的光"
"白菜地裏耍鐮刀","散瞭心"
"白菜幫子","中看不中吃；好看不好吃"
"跋子上颱","立場不穩"
"跋子趕馬","望塵莫及"
"跋子打圍","坐著喊；坐地呐喊"
"屋簷下掛豬膽","苦水滴滴"
"屋簷下躲雨","不長久"
"屋簷邊的水","點滴不離窩"
"青蛙鑽蛇洞","自尋死路"
"青蛙笑蝌蚪","忘瞭自己從哪來瞭"
"青蛙望玉兔","有天地之彆"
"青蛙談戀愛","吵鬧不休"
"青蛙拴在鞭梢上","不值摔打"
"青蛙求偶","大聲叫喊"
"雹子砸瞭棉花棵","光杆司令"
"苞榖麵糊","沒多大油水；油水不大"
"苞榖棒子生蟲","專(鑽)心"
"百丈高竿掛紅燈","紅到頂瞭"
"百萬雄師下江南","興師動眾"
"百歲公公吹火","老氣"
"門檻下的磚頭","踢進踢齣"
"門檻上拉屎","裏外臭"
"門後麵的掃帚","專揀髒事做"
"白鐵斧頭","兩麵光"
"白天捉鬼","沒影兒的事"
"白天照電簡","多此一舉"
"白天盼月亮","甭想；莫想；休想"
"白天打燈籠","白搭"
"白糖嘴巴刀子心","口蜜腹劍"
"抱著鐵耙子親嘴","自找釘子碰"
"抱著石頭跳深淵","死不迴頭"
"抱著錢匣子睡覺","財迷心竅；財迷"
"報國寺裏賣駱駝","沒有那個事(寺)"
"保險櫃裏安雷管","暗藏殺機"
"保險櫃掛大鎖","萬無一失"
"飽帶乾糧晴帶傘","有備無患"
"寶塔頂上的寶葫蘆","尖上拔尖"
"寶囊裏取物","手到擒來"
"狐狸的尾巴","藏不住"
"狐狸戴草帽","不算人；不是人"
"狐狸打馬蜂","不知道厲害"
"騎馬過鬧市","豈有此理"
"騎馬過獨木橋","迴頭難"
"騎馬不帶鞭子","拍馬屁"
"半天雲裏拉傢常","空談"
"半天雲裏看廝殺","袖手旁觀"
"半天雲裏翻帳簿","算得高"
"你做生意我教書","人各有誌"
"你有駿馬我有金鞍","配得起你"
"你有秤杆我有砣","配得起你"
"八仙桌上放燈盞","明擺著"
"八字不見一撇","沒眉目；差得遠；差遠瞭"
"八隻腳的螃蟹","橫行霸道"
"八月十五種花生","瞎指揮"
"八月十五蒸年糕","趁早(棗)"
"八月十五雲遮月","掃興"
"八月十五送月餅","趕在節上"
"八月十五生孩子","趕巧瞭"
"八月十五看龍燈","晚瞭大半年"
"八月十五過端陽","晚瞭；遲瞭"
"八月十五的月亮","年年都一樣；正大光明"
"八月十五的月餅","人人歡喜；個個喜愛；上下有"
"八月十五吃粽子","不是時候"
"八月十五吃元宵","與眾不同"
"八月十五吃年飯","還早哩"
"八月裏的黃瓜棚","空架子"
"八月桂花開","到處飄香"
"八月的柿子","越老越紅；老來紅"
"八月的石榴","滿腦袋的點子"
"八月的蓮藕","又鮮又嫩"
"八月的苦瓜","心裏紅"
"老牛走路","不慌不忙"
"老牛走老路","照舊"
"老牛追兔子","有勁使不上"
"歪嘴婆婆喝湯","左喝右喝"
"歪嘴婆娘跌跤","上錯下也錯"
"歪嘴佬吹喇叭","調子不正"
"溫水煮闆栗","半生不熟"
"溫水燙雞毛","難扯"
"溫水燴餅子","皮熱心涼"
"玻璃鋪的傢當","不堪一擊"
"玻璃瓶子裝開水","三分鍾的熱勁"
"玻璃瓶裝金魚","一眼看透"
"背後作揖","反禮"
"背後拉弓","暗箭傷人"
"背後掛鬍琴","拉不著"
"蓋瞭三年的破被","老套子"
"蓋瞭九床被子做美夢","想不透"
"蓋房請來箍桶匠","找錯瞭人"
"百貨店裏賣鞋襪","各有尺碼"
"百貨大樓賣西裝","一套一套的"
"百川歸海","大勢所趨"
"捏著拳頭過日子","心裏憋氣"
"捏著鼻子唱戲","悶腔"
"捏著鼻尖兒做夢","不成"
"捏住鼻子過日子","不聞香臭"
"捏死手中鳥","輕而易舉，容易得很"
"捏鼻子捂嘴巴","不聞不問"
"抱著木棍推磨","死轉圈兒"
"抱著蠟燭取暖","無濟於事"
"抱著金磚挨餓","活該"
"甘蔗林裏種香瓜","從頭甜到腳"
"甘蔗地裏栽蔥","比人傢矮一截"
"甘蔗地裏長草","荒唐(糖)"
"蚊子唱小麯兒","要叮人"
"蚊叮菩薩","認錯瞭人"
"蚊打哈欠","口氣不小"
"鹹雞蛋","老醃(淹)哪"
"鹹菜煮豆腐","不必多言(鹽)"
"鹹菜缸裏養白螺","難養活"
"屬竹子的","心虛"
"屬豬的","吃肉的貨；能吃能睡"
"屬芝麻的","不打不齣油"
"火燒鬍子","練(煉)嘴"
"火燒猴屁股","團團轉"
"火燒寒暑錶","直綫上升"
"活魚掉進醋缸","肉爛骨頭酥"
"活人跳進滾水裏","不死扒層皮"
"活剝兔子","扯皮"
"灰堆燒山藥","混書蛋"
"灰堆吹喇叭","烏煙瘴氣"
"黃忠上陣","老當益壯"
"爛泥裏打樁子","越打越下"
"爛木頭做大梁","不好用"
"爛木頭刻章","不是這塊料"
"跋子上颱","立場不穩"
"跋子趕馬","望塵莫及"
"跋子打圍","坐著喊；坐地呐喊"
"腦袋上刷漿糊","糊塗到頂"
"腦袋上頂鍋巴","犯(飯)人"
"腦袋上戴犁頭","又奸(尖)又猾(滑)"
"腦殼上穿襪子","不是角(腳)"
"腦殼上安電扇","齣風頭"
"腦瓜上套襪子","能齣角(腳)瞭"
"強盜照鏡子","賊頭賊腦"
"強盜碰著賊爺爺","黑吃黑"
"強盜發善心","難得一迴"
"乞丐跳舞","窮快活"
"乞丐說相聲","耍貧嘴"
"乞丐扭秧歌","窮快活"
"棋盤中的子兒","撚一下，動一步"
"棋盤上的士象","不離將"
"棋盤裏的老將","齣不瞭格"
"老方丈打拳","齣手不凡"
"老兒子娶媳婦","大事完畢"
"老包斷案","臉黑心不黑"
"懶木匠的鋸子","不錯(挫)"
"懶驢子駕轅","不打不走"
"懶驢上磨","屎尿多"
"鹹雞蛋","老醃(淹)哪"
"鹹菜煮豆腐","不必多言(鹽)"
"鹹菜缸裏養白螺","難養活"
"蝸牛賽跑","慢慢爬"
"蝸牛殼裏睡覺","難翻身"
"蝸牛赴宴","不速之客"
"夢裏講的話","不知是真是假"
"夢裏見黃連","想苦瞭"
"夢裏過媳婦","想得很美"
"拉著虎尾喊救命","自己找死"
"拉著何仙姑叫舅媽","五百年前是一傢"
"拉屎拉到鞋跟兒裏","提不得"
"爛掃帚上市","分文不值"
"爛肉喂蒼蠅","投其所好"
"爛泥土下窯","燒不成個東西"
"腦殼上穿襪子","不是角(腳)"
"腦殼上安電扇","齣風頭"
"腦瓜上套襪子","能齣角(腳)瞭"
"南天門上打傘","跳邪氣"
"南天門上唱戲","沒聲沒影"
"南天門的旗杆","光棍一條"
"把人趕到牆根下","走投無路"
"把臉裝進褲擋裏","見不得人"
"把肥料澆到莠草上","勞而無功；有勞無功"
"火車頭拉縴","獨齣心裁"
"火車上演戲","載歌載舞"
"火車上馬路","齣軌；越軌"
"老太太打嗬欠","一望無涯(牙)"
"老太太打補丁","窮揍閤"
"老太太吃糖","越扯越長"
"狸貓裝貓叫","想投機(偷雞)"
"狸貓換太子","以假充真"
"狸貓耳朵","太短"
"冷血動物","無情無義"
"冷水褪雞","一毛不拔"
"冷水泡茶","無味"
"胖子穿小褂","不閤身"
"胖婆娘過窄門","門當(擋)戶對"
"胖大海掉進黃連水","苦水裏泡大的"
"路口挖陷井","坑害人"
"路邊撿私生子","非親非故"
"路邊的鼓","挨打的貨"
"樓闆搭鋪","高低差不多"
"婁阿鼠走路","賊頭賊腦"
"婁阿鼠的十五貫","偷來的"
"兩個啞巴睡一起","不談，無話可說"
"兩個啞巴親嘴","好得沒話說"
"兩個啞巴見麵","沒說的"
"玻璃瓶裝寶物","一眼看透；一眼看穿"
"玻璃筷子夾涼粉","光對光"
"玻璃鏡上的人兒","有影無蹤"
"鞭杆當笛吹","沒心眼"
"鞭打死鳥","勞而無功；有勞無功"
"鞭打韆裏駒","快馬加鞭"
"剝皮的樹","不長"
"剝皮的青藤","一絲不掛"
"剝瞭皮的蛤蟆","臨死還要跳三跳"
"抱著木棍推磨","死轉圈兒"
"抱著蠟燭取暖","無濟於事"
"抱著金磚挨餓","活該"
"娃娃騎木馬","不進不退"
"娃娃看魔術","莫明其妙"
"娃娃逗妹妹","嘻嘻哈哈"
"鼻梁上推小車","走投(頭)無路"
"鼻梁上掛鑰匙","開口"
"鼻梁上掛眼鏡","四平八穩"
"白骨精演說","妖言惑眾"
"白骨精送飯","有野心；沒安好心"
"白骨精說人話","妖言惑眾"
"喝瞭禦酒","有功之臣"
"喝瞭五味湯","啥滋味都有"
"喝瞭燒酒烤火","渾身發熱"
"和尚不吃豆腐","怪哉(齋)"
"和尚彆發卡","調(挑)皮"
"和尚拜堂","外行"
"紅漆糞缸","臭講究"
"紅娘牽綫","成人之美"
"紅娘挨打","成全好事"
"老母豬吃碗碴","滿嘴是詞(瓷)"
"老母豬吃鐵餅","好硬的嘴"
"老母雞上樹","冒充英雄(鷹凶)"
"給神主剃頭","羞(修)先人"
"給老虎醫病","提心吊膽"
"給刺兒頭理發","難題(剃)"
"京戲走颱步","慢慢挪"
"浸水的木魚","敲不響"
"浸濕的木頭","點不起火"
"關公賣豆腐","人強貨不硬"
"關公流鼻血","紅上加紅"
"關公開刀鋪","貨真價實"
"隔年的雞子兒","壞蛋"
"隔年的黃豆","不進油鹽；油鹽不進"
"隔年的春聯","沒用處；無用；沒得用"
"扮秦檜的沒卸裝","誰沒見過那二花臉"
"半夜做夢娶新娘","盡想好事；想得倒美"
"半夜做夢啃豬蹄","盡想好事；想得倒美"
"高山頭種辣椒","紅到頂瞭"
"高山上滾石頭","永不迴頭"
"高山上的雪蓮","一塵不染"
"黃鱔上沙灘","不死一身殘"
"黃鱔爬犁頭","狡滑(絞鏵)"
"黃牛咬黃連","吃苦耐勞"
"潘金蓮敬酒","醜話說在前"
"潘金蓮給武鬆敬酒","不懷好意"
"潘金蓮熬藥","暗地裏放毒"
"對著鏡子說話","自言自語"
"對著鏡子扮鬼臉","醜化自己"
"對著棺材許願","哄死人"
"幼狗不吃屎","沒事找事"
"輾轉沒有軸","玩不轉"
"鹹肉裏加醬油","多此一舉"
"木匠拉大鋸","有來有去"
"木匠刨木料","有尺寸"
"木匠推刨子","直來直去"
"頂著娃娃騎驢","多此一舉"
"頂頭上長眼睛","目中無人"
"頂大風過獨木橋","擔風險"
"頂風撐船","上勁；劃不來"
"頂石頭上山","多此一舉"
"頂刀子求雨","豁齣命來"
"馬尾巴提豆腐","串不起來"
"馬勺碰鍋沿","常有的事"
"馬勺裏的蒼蠅","混飯吃"
"落雨天打麥","難收場"
"麻袋裏裝豬","不知黑白"
"麻布下水","擰不乾"
"麻布片綉花","白費勁"
"麻包裏裝釘子","露頭"
"麻布袋綉花","底子太差"
"梁山上的晁蓋","一把手"
"梁山上的王倫","妒賢忌能"
"梁山上的好漢","逼齣來的"
"黃河裏的水","說不清；難清"
"黃瓜敲木鍾","一聲不響"
"黃瓜拉秧","塌子架"
"化裝錶演","改頭換麵"
"華佗行醫","名不虛傳"
"化濃的癤子","不攻自破"
"狸貓耳朵","太短"
"冷水褪雞","一毛不拔"
"冷水泡茶","無味"
"鏡子上的人兒","挺光滑的"
"鏡子裏罵人","自罵自"
"鏡子裏的餅","不能充飢"
"冰淩當拐杖","靠不住；不可靠"
"冰精蒸荔枝","甜透瞭"
"冰窖裏嬉耍","冷笑"
"賣瞭衣服買酒喝","顧嘴不顧身"
"賣瞭兒子招女婿","顛倒著做，瞎摺騰"
"賣瞭大褂買褲衩","短得見不瞭人"
"白日見鬼","玄乎；心裏有病"
"白娘子水漫金山","大動乾戈"
"白娘子鬥法海","精打光"
"半籃子喜鵲","唧唧喳喳"
"半路上的新聞","道聽途說"
"半路開小差","有始無終"
"老虎嘴塞螞蚱","填不滿"
"老會計撥算盤","精打細算"
"老驢拉磨","瞎轉圈"
"老驢子打滾","翻不過身來"
"老綿羊攆狼","拼啦"
"老貓守鼠洞","蹲著瞧"
"剛逮住的鯉魚","亂蹦亂跳"
"剛齣土的黃連","苦苗苗"
"剛齣水的蝦子","活蹦亂跳"
"鋼闆上釘釘","硬過硬"
"鋼針屁股上的眼","隻認衣衫不認人"
"鋼刀落肚","割心腸"
"屬兔子的","一蹦三尺高"
"屬煙袋鍋的","一頭熱乎"
"屬鴨子的","嘴硬心熱"
"屬豬的","吃肉的貨；能吃能睡"
"屬芝麻的","不打不齣油"
"屬竹子的","心虛"
"背著哈哈鏡走路","不怕後人見笑"
"背著黑鍋做人","直不起腰；伸不起腰"
"背著棺材上戰場","往最壞處想"
"背著糞簍滿街串","找死(屎)；尋死(屎)"
"背著糞筐上銀行","臭錢"
"背著醋罐子討飯","窮酸"
"鞭打韆裏駒","快馬加鞭"
"鞭打快牛","忍辱負重"
"馬拉獨輪車","就翻"
"馬來西亞的咖啡","耐人尋味"
"馬撩後腿","逞強"
"菩薩的鬍須","人造的"
"菩薩的心腸","軟的"
"菩薩坐冷廟","孤苦伶仃"
"葡萄架下乘涼","舒適"
"七擒孟獲","叫他口服心服"
"七八月的南瓜","皮老心不老"
"拿著算盤串門","找仗(帳)打"
"拿著掃帚上杏樹","招杏(興)"
"拿著虎皮當衣裳","嚇唬人"
"泥人的肚腹","毫無心肝"
"泥娃娃的嘴","總是笑嗬嗬的"
"泥做的菩薩","全靠貼金"
"泥瓦匠砌牆","兩麵三刀"
"泥瓦匠齣身","和稀泥"
"泥鰍上沙灘","不怕你滑"
"屬麻花的","擰著勁兒"
"屬耗子的","齣門兒就忘"
"屬猴兒的","見圈就鑽"
"浸瞭水的爆竹","一聲不響"
"浸水的木魚","敲不響"
"浸濕的木頭","點不起火"
"木頭人救人","自身難保"
"木偶打架","身不由己"
"木偶唱戲","任人擺布"
"騎馬不帶鞭子","拍馬屁"
"騎馬上天山","迴頭見高低"
"騎馬過獨木橋","迴頭難"
"乞丐說相聲","耍貧嘴"
"乞丐扭秧歌","窮快活"
"乞丐進發廊","沒人理"
"黑瞎子坐月子","嚇(下)熊瞭"
"看到草繩往後跑","膽子太小"
"看戲挑媳婦","一頭滿意"
"瞌睡送個枕頭","正是時候"
"糠瞭的蘿蔔","沒有辣氣"
"看羊的狗","一個比一個凶"
"黑瞎子坐轎","沒人抬舉"
"黑瞎子鑽竈筒","難過"
"黑瞎子跳井","熊到底瞭"
"黑瞎子捧刺蝟","碰到棘手事；棘手"
"黑瞎子扭身","大反撲"
"黑瞎子舉韆斤鼎","身大力不虧"
"黑瞎子叫門","熊到傢瞭"
"黑瞎子打立正","一手遮天"
"黑瞎子打花臉","熊樣"
"半路上丟算盤","失算瞭"
"半空中蓋房子","沒處落腳；落不得腳"
"半空中放爆竹","想(響)得高"
"皇帝剃光頭","不要王法(發)"
"皇帝老爺發酒瘋","咋說咋有理"
"皇帝打架","爭天下"
"籠裏的鸚哥","成天耍嘴"
"聾子看戲","有也當無"
"聾子對話","各說各的"
"皇帝的交椅","至高無上"
"皇帝補皮鞋","難逢(縫)"
"皇帝齣宮","前呼後擁"
"聾子打鈴","充耳不聞"
"聾子打翻瞭啞巴的油","說不清楚"
"聾子不怕雷","膽子大"
"關公戰秦瓊","亂瞭朝代；挨不上"
"關公在曹營","心不在焉"
"關公流鼻血","紅上加紅"
"抱著金磚挨餓","活該"
"抱著黃連做生意","苦心經營"
"抱著葫蘆不開瓢","死腦筋"
"閉著眼睛鼓風","瞎吹"
"閉著眼睛走南牆","瞎碰"
"閉著眼睛走路","淨想歪道兒"
"閉著眼睛哼麯子","心裏有譜"
"閉著眼睛訓話","瞎說"
"閉著眼睛跳舞","盲目樂觀"
"耗子打鞦韆","頭朝下"
"耗子打洞","找門路"
"耗子齣洞","準沒好事"
"耗子啃碟子","滿嘴詞(瓷)"
"耗子啃菜刀","死路一條"
"耗子看糧倉","監守自盜"
"冰淩調豆腐","難辦(拌)"
"冰庫裏點蠟","洞(凍)房花燭"
"冰精蒸荔枝","甜透瞭"
"賈傢姑娘嫁賈傢","假(賈)門假事(賈氏)"
"賈府門前的獅子","死(石)心眼兒"
"賈寶玉看《西廂記》","戲中有戲"
"賈寶玉結婚","不是心上人"
"賈寶玉的通靈玉","命根子"
"賈寶玉齣傢","看破戲塵"
"被窩裏捉跳蚤","瞎抓"
"被窩裏伸齣一隻腳","你算老幾"
"被窩裏磨牙","懷恨在心"
"狐狸騎老虎","狐假虎威"
"狐狸看雞","越看越稀"
"狐狸進宅院","來者不善"
"風吹麥苗","一邊倒"
"風口上點油燈","吹瞭"
"風中鵝毛","無影無蹤"
"磨道裏的驢","轉圈子"
"棉花堆失火","沒救"
"蜜蜂的屁股","刺兒頭"
"米篩裏睡覺","渾身是眼"
"密封罐頭","無縫可鑽"
"米湯洗頭","糊塗到頂"
"八月十五吃年飯","還早哩"
"八月十五雲遮月","掃興"
"八月十五生孩子","趕巧瞭"
"八十歲玩猴子","老把戲"
"八十歲沒兒女","老來孤單"
"八十歲颳鬍子","不服老"
"寡婦進當鋪","要人沒人，要錢沒錢"
"寡婦賣孩子","最後一著"
"寡婦上墳","哭天抹淚"
"娃娃看戲","歡天喜地"
"拐子追馬","望塵莫及"
"拐杖吹火","一竅不通"
"白鐵斧頭","兩麵光"
"白天照電簡","多此一舉"
"白糖嘴巴刀子心","口蜜腹劍"
"白水做飯","無米之炊"
"白糖包砒霜","毒在裏麵"
"白水下石膏","成不瞭豆腐"
"鹹魚落塘","不知死活"
"液水鍋煮壽星","老熟人"
"幼狗不吃屎","沒事找事"
"抱著香爐打噴嚏","觸一鼻子灰"
"抱著鐵耙子親嘴","自找釘子碰"
"抱著石頭跳深淵","死不迴頭"
"鼻子上抹黃連","苦在眼前"
"鼻子上冒煙","急在眼前"
"鼻子上掛肉","油嘴滑舌"
"白素貞不捨許仙","恩愛難分"
"巴掌長瘡","毒手"
"八月十五送月餅","趕在節上"
"錢塘江漲潮","大起大落"
"下雪天走路","一步一個腳印"
"裁縫乾活","忘不瞭吃(尺)"
"八月十五蒸年糕","趁早(棗)"
"下雪天走路","一步一個腳印"
"瘸子走山路","東倒西歪"
"老鼠跌進米囤裏 "," 因禍得福"
"老鼠挨一百棒 "," 麵不改色"
"老鼠吃貓 "," 怪事"
"八十老翁練琵琶","老生常談(彈)"
"八股文的格式","韆篇一律"
"八寸腳穿七寸鞋","彆彆扭扭"
"擀麵杖升雲天","誹謗(飛棒)"
"八個老漢劃拳","三令五申(伸)"
"朝廷的太監","後繼無人"
"柴火上澆汽油","一點就著"
"土地爺管龍王","以上壓下"
"看到草繩就喊蛇","大驚小怪"
"牛屁股縫裏的牛蛇蟲","叉會鑽空子，又會吸血"
"我小青蛙逛大街","綠色齣行"
"地頭蛇，母老虎","不是好惹的"
"打蛇不死打蚯蚓","怯大欺小"
"眼鏡蛇擺手","好毒的一招"
"烏梢蛇住店","常(長)客"
"洞裏的蛇","不知長短"
"蛇鑽竹筒"," 一條路"
"兔子的尾巴","長不瞭：長瞭容易被人揪“辮子”！"
"癩蛤蟆想吃天鵝肉","想得美：不想當將軍的士兵不是好士兵，不想吃天鵝肉的癩蛤蟆不是優秀的癩蛤蟆。"
"狗咬呂洞賓","不識好人心：這事可怨不得狗，好人臉上又沒標記。"
"騎驢看唱本","走著瞧：注意保護視力！"
"豬鼻子裏插蔥","裝象：鼻子裏插跟蔥可不好受，虛榮也是個苦差事。"
"三九天送扇子","不領情"
"三九天不穿棉衣","縮手縮腳"
"三九天穿裙子","美麗凍人"
"三九天喝薑湯","熱心腸"
"三九天吃梅子","寒酸"
"三九天談心","冷言冷語"
"三九天扇扇子","心裏有火"
"骯髒他娘哭骯髒","骯髒死瞭。"
"蝙蝠身上擦雞毛","－你算什麼鳥？"
"大火燒竹林"," 一片光棍；"
"包公騎黑馬","青天在上"
"包公臉上抹黑","乾與不乾一個樣"
"包公臉上留寶墨","無字天書"
"包青天坐牢","不白之冤"
"包公臉上齣闆報","不是這塊料"
"包公赴宴","黑客"
"包公掉進米屯裏","黑白分明"
"包公嚼豆豉","黑吃黑"
"白骨精脹肚子","白內障"
"白骨精搬傢","白居易"
"白骨精說書","白話文"
"白骨精演講","白說"
"白骨精愛唐僧","白糖"
"白骨精領工資","白領。"
"白骨精發呆","白癡。"
"白骨精戰關公","一個唱白臉，一個唱紅臉。"
"白骨精見包公","黑白分明"
"忽必烈給下屬發僕人","陳佩斯(臣配斯)"
"黃河奔流總不息","潘長江(攀長江)"
"黃河奔流總不息","潘長江(攀長江)"
"醃製好的鹹鴨蛋","黃宏(黃紅)"
"沸水衝泡鹽疙瘩","嚴順開(鹽順開)"
"尼姑廟裏隻喂雞","魏積安(喂雞庵)"
"高建築上掛風鈴","婁乃鳴(樓乃鳴)"
"不讓小販有利圖","趙本山(照本刪)"
"不販牛頭和牛身","範偉(販尾)"
"老公公扒灰","晚節不保"
"雞巴插進頭發裏","高聳入雲"
"俏寡婦勾引老公爹","美妙絕倫"
"老闆想吸引屎殼郎","發糞塗牆(發奮圖強)"
"會計瞪算盤框","有眼無珠"
"日本人選舉野田爭島","舉一反三(中、俄、韓)"
"螞蟻結婚請駱駝","高朋滿座"
"佛祖賜書","一本正經"
"老鼠打架沒勝負","鼠不勝鼠(數不勝數)"
"骯髒他娘哭骯髒","骯髒死瞭。"
"蝙蝠身上擦雞毛","－你算什麼鳥？"
"大火燒竹林"," 一片光棍；"
"摸著光頭鬥樂","耍滑頭"
"光著腚捉賊","膽大不害臊"
"閻王爺貼告示","鬼話連篇"
"飛機上分娩","高中生"
"山洪衝石子","不滾也得滾"
"下瞭鍋的掛麵","硬不起來"
"七竅通瞭六竅","一竅不通"
"一分錢買倆判官","賤鬼"
"兒媳婦懷孕","裝孫子"
"瞎子點燈","哪裏不會點哪裏"
"韆裏送鵝毛","運費太高"
"周瑜打黃蓋","打到破頭蓋"
"豬八戒照鏡子","裏外都是你"
"豬鼻子插蔥","感冒流鼻涕瞭"
"豬鼻子插蔥","感冒流鼻涕瞭"
"孫悟空翻筋鬥","摔死瞭"
"啞巴吃黃連","剛纔吃太甜"
"小和尚念經","有顆淫心"
"窗前明月光","窗戶沒關好"
"關公照鏡子","憋到臉紅"
"八仙過海","沒人活著迴來"
"十五個吊桶打水","繩子斷瞭"
"公共廁所仍石頭","濺起公糞"
"井底下寫文章","學問很深"
"孔夫子搬傢","被逼拆遷瞭"
"挨著火爐吃辣椒","頭腦發燒"
"肉包子打狗"," 一個不夠(吃)"
"孫悟空翻筋鬥","摔死瞭"
"薑太公釣魚","貪吃者上鈎"
"薑太公釣魚","貪吃者上鈎"
"王八吃秤砣","噎死瞭"
"趕鴨子上架","準備烤鴨"
"苦水裏泡黃連","以苦攻苦"
"三個臭皮匠","愛上諸葛亮"
"竹筒裏爬長蟲(蛇)","直齣直入"
"竹筒裏跑老鼠","直來直去；直進直齣"
"竹筒敲鼓","空對空"
"竹筒子吹火","隻有一個心眼"
"竹筒子裏看天","一孔之見；所見不廣"
"竹筒子裏塞棉花","空虛"
"竹筒做枕頭","兩頭空；兩落空；空想"
"竹枕頭","空的"
"竹子扁擔挑竹筐","碰上自傢人"
"竹子長杈","節外生枝；橫生枝節"
"竹子當鼓","敲竹杠"
"竹子上結南瓜","怪事一樁；怪事"
"竹子做笛","受不完的氣"
"拄拐棍走泥路","步步有點"
"拄著拐棍下煤窯","倒黴(搗煤)"
"渚葛亮用兵","齣奇製勝；神機妙算；虛虛實實；神齣鬼沒"
"屬扒火棍的","一頭冷來一頭熱"
"屬芭蕉的","葉爛皮乾心不死"
"屬比目魚的","成雙成對"
"屬長蟲(蛇)的","能屈能伸"
"屬臭豆腐的","聞著臭，吃著香"
"屬大肚羅漢的","睜隻眼，閉隻眼"
"屬豆餅的","上擠下壓"
"屬舵鳥的","顧頭不顧尾"
"屬公雞的","好鬥；光叫喚；不下蛋"
"屬狗尾巴的","越摸越翹"
"屬含羞草的","碰不得"
"屬寒號鳥的","得過且過"
"屬豪豬的","渾身是刺"
"屬黑瞎子(狗熊)的","吃飽就睡；光認吃"
"屬濟公的","瘋瘋癲癲"
"屬老母豬的","吃飽就睡"
"屬雷管的","碰不得"
"屬呂布的","有勇無謀"
"屬泥鰍的","圓滑；又圓又滑"
"屬暖水瓶的","外冷裏熱"
"屬螃蟹的","橫行霸(八)道"
"屬炮筒子的","直來直去"
"屬皮球的","踢來踢去"
"屬生薑的","越老越辣"
"屬孫猴的","說變就變；轉眼就變"
"屬烏龜的","縮頭縮腦"
"屬牙膏的","受人排擠；不擠不齣"
"屬張飛的","粗中有細"
"屬珍珠魚的","渾身盡點則"
"屬豬八戒的","好吃懶做"
"煮壞的餃子","露餡瞭"
"煮熟的飯不吃","悶(燜)起來瞭"
"煮熟的鴨子","飛不瞭"
"煮熟的鴨子飛上瞭天","彌天大謊；天下奇聞；怪事一樁"
"苧裏的馬蜂","不是好惹的；惹不起"
"蛀蟲咬黃連","自討苦吃"
"蛀蟲鑽空大樹心","暗裏使壞"
"抓把紅土當硃砂","不識貨"
"抓把硃砂當紅土","裝賤"
"抓地坑溝找豆包吃","沒齣息"
"抓瞭芝麻丟西瓜","主次不分"
"抓起紅土當硃砂","做瞭糊塗事"
"抓住鼓槌子不放手","老敲打"
"抓住荷葉摸到藕","追根求源；追根到底"
"抓住漁船當鞋穿","大手大腳"
"抓住張飛當李逵打","認錯瞭人"
"拽(zhuai拉)著大嫂叫姑姑","拉扯不上"
"拽著鬍子走路","謙虛(牽須)"
"拽著老虎尾巴抖威風","有膽有魄"
"磚頭上釘釘子","過得硬；逗硬"
"磚窯裏起火","謠言(窯煙)"
"磚窯旁邊蓋樓房"," 就地取材"
"莊戶人傢的孩子","土生土長"
"莊稼漢爬梯田","步步高升；步步登高"
"莊稼老不識桂圓","外行"
"莊稼老漢背木掀","揚長(場)而去"
"莊稼老看告示","一片大道理"
"莊稼人種豆子","步步有點"
"莊稼人種五榖","土生土長"
"莊稼人走親戚","實來實去"
"狀元府內吃蟠桃","貴人吃貴物"
"撞網的大頭魚","暈頭轉嚮"
"追擊炮打蚊子","小題大作(比喻把小事當作大事來對待、處理。)"
"錐子藏在鐵盒裏","不露鋒芒"
"錐子上抹油","又尖又滑"
"錐子剃頭","連根拔"
"錐子紮豆腐","不齣白"
"捉瞭虱子跑瞭牛","得不償失"
"捉虱子上頭","自尋煩惱；自找麻煩"
"捉魚攔上遊","先下手"
"捉住驢子當馬騎","不識貨"
"桌上拉屎，臉盆裏撒尿","淨乾缺德事"
"桌子闆凳一樣高","平起平坐"
"桌子底下打拳","齣手不高"
"桌子底下揚場","礙上礙下；碰上碰下"
"桌子光剩四條腿","丟麵子"
"啄木鳥翻跟頭","賣弄花屁股"
"啄木鳥飛上黃蓮樹","自討苦吃"
"啄木鳥上供桌","賣弄自己"
"啄木鳥死在樹洞裏","吃瞭嘴的虧；全壞在嘴上"
"啄木鳥修房子","鬥嘴勁"
"啄木鳥栽跟頭","吃瞭嘴上的虧"
"啄木鳥找食","全憑一張嘴；全憑嘴"
"啄木鳥治樹","人木三分；嘴巴子硬；全仗著嘴硬；全憑嘴"
"著火挨闆子","兩頭熱"
"資料室搬傢","盡是輸(書)；盡輸(書)"
"姊妹倆齣嫁","各人忙各人"
"姊妹找婆傢","各得其所"
"自大加一點","臭"
"自己跟自己下棋","輸也是你贏也是你"
"自己說的聽不見","夢話"
"自己挖坑埋自己","找死"
"自留地裏拉屎","泄私憤(糞)"
"自留地裏撒尿","肥水不落外人田"
"自行車下坡","不睬(踩)"
"自行車下田坎","得過且過"
"走到渡口打轉身","想不過；存心不過瞭"
"走江湖的賣假藥","招搖撞騙"
"走近鬼門關","離死不遠瞭"
"走廊上開鋪","不留餘地"
"走瞭和尚走不瞭廟","盡管放心"
"走路撥算盤","手腳不閑"
"走路換草鞋","喜新厭舊"
"走路看腳印","太小心"
"走路拾饅頭，摔跟頭撿票子","盡想好事；想得倒美"
"走路拾元寶","機會難得；難得的機會"
"走路算賬","財迷轉嚮"
"走路軋斷腿","半途而廢"
"走親戚掂牛蹄","兩半(瓣)子理(禮)"
"走煞金剛坐煞佛","苦樂不均"
"走上步看下步","瞻前顧後"
"走夜路吹口哨","虛張聲勢"
"走一步思三思","考慮周到"
"奏著嗩呐趕毛驢","吹吹拍拍"
"揍雞毛","壯但(裝撣)子"
"祖傳的被單","破爛不堪"
"祖傳的皮襖","裏外孬(nao壞；不好)"
"祖孫迴傢"," 扶老攜幼；返老還童"
"祖宗三代的傢務事","一言難盡"
"祖宗堂裏供菩薩","神齣鬼沒"
"鑽進風箱的耗子","受不完的氣"
"鑽進鳥籠裏的貓","嘴饞上瞭當"
"鑽塔頂上觀景","站得高，看得遠；登高望遠"
"鑽頭上綁針婆(縫衣針)","尖上拔尖"
"鑽頭上加鋼針","好厲害"
"鑽在水道眼裏嘆息","低聲下氣"
"鑽子碰銼子","對頭；死對頭"
"鑽子頭上加鋼針","好厲害"
"攥(zuan握)著金條進棺材","捨命不捨財"
"嘴巴擱在鍋颱上","光等吃"
"嘴巴含鋼針","說話帶刺"
"嘴巴裏藏刀子","齣口傷人"
"嘴巴兩張皮","咋說咋有理"
"嘴巴上掛籠嘴","吃不開"
"嘴巴上掛油瓶","油嘴滑舌"
"嘴巴上抹蜜","說得甜"
"嘴巴一張，看得見肚腸","一貧如洗"
"嘴巴子戲","光說不練"
"嘴邊沒毛","辦事不牢"
"嘴唇上貼膏藥","免開尊口；開不得口"
"嘴裏吃瞭爛豬毛","亂糟糟"
"嘴裏沒味吃鹹魚","正閤胃口"
"嘴裏塞黃連","有苦難訴；有苦說不齣"
"嘴裏吞鏇風","口氣不小"
"嘴裏銜燈草","說得輕巧"
"嘴皮子抹白糖","說得甜"
"嘴請客，手關門","虛情假意"
"嘴上綁喇叭","走到哪兒就吹到哪兒"
"嘴上掛天平","說話有分量"
"嘴上抹石灰","白說；白吃；白刷；白搭"
"嘴上抹豬油","油嘴滑舌"
"嘴上貼封條","沒說的；沒話可說；無話說；悶聲不響；不好開口"
"嘴上貼膏藥","不好開口"
"嘴甜甜，腰裏掛彎鐮","心術不正"
"醉漢過鐵索橋","上晃下搖"
"醉漢上街","東倒西歪"
"醉漢說囈語","難理會"
"醉漢走路","跌跌撞撞"
"左耳朵進，右耳朵齣","耳旁風"
"左話右講","說反話"
"左腳穿著右腳鞋","錯打錯處來"
"左敲鼓，右打鑼","旁敲側擊"
"左手喇叭右手鼓","自吹自擂"
"左手買右手賣","不圖賺錢隻圖快"
"作坊裏的石磨","推一推，動一動"
"作傢的書包","裏麵大有文章"
"作揖抓腳背","一舉兩得"
"坐車不買票","白搭"
"坐等禾苗黃","懶漢"
"坐電梯上樓","不怕(爬)"
"坐飛機抱暖瓶","高水瓶"
"坐飛機打靶","高標準"
"坐飛機打擺子","抖上天瞭"
"坐飛機放廣播","響徹雲霄"
"坐飛機講哲學","高談闊論"
"坐飛機攆(nian追趕)西北風","大齣風頭"
"坐飛機扔相片","丟人不知深淺"
"坐火箭背喇叭","吹上天瞭"
"坐火箭上月球","遠走高飛"
"坐轎打瞌睡","不識抬舉"
"坐轎裏罵人","不識抬舉"
"坐轎悶得慌，騎馬嫌搖晃","有福不會享"
"坐木船打陽傘","沒天沒地"
"坐南宮守北殿 ","不分東西"
"坐上飛機吹喇叭","想(響)得高"
"坐上飛機釣魚","差遠瞭"
"坐在井裏的蛤蟆","硬說天隻有一個碗大"
"坐在錢眼兒裏摸錢邊","財迷心竅"
"坐著火箭登天","直綫上升"
"座山雕做壽","末日來臨"
"做個大褂丈二寬","大搖(腰)大擺"
"做瞭皇帝想成仙","欲無止境"
"做媒人的賠女兒","輸在嘴上"
"做夢被老虎咬傷","虛驚"
"做夢變蝴蝶","想入非非(飛飛)"
"做夢吃扁食(餃子)","想得香"
"做夢吃大餐","高興得流齣口水"
"做夢吃黃連","想得苦"
"做夢吃饅頭","夢裏見麵"
"做夢吃仙桃","想得倒甜"
"做夢當長工","想得苦"
"做夢當皇帝","官迷心竅；好景不長"
"做夢當司令","神氣一時"
"做夢當總統","好事難成"
"做夢掉下井","一場虛驚"
"做夢割破膽","想得苦"
"做夢撿金條","財迷心竅"
"做夢見閻王","鬼迷心竅；死去活來"
"做夢娶媳婦","盡想好事；想得倒美；想偏瞭心；光想美事"
"做夢拾元寶","空歡喜；歡喜不盡；一場空歡喜；想得美"
"做夢推磨子","想轉瞭"
"做夢學吹打","快活一時"
"做夢遊西湖","好景不長"
"做夢抓大印","官迷心竅"
"做夢坐飛機","想人非非(飛飛)"
"做旗袍用土布","不是那塊料"
"做燒餅賣湯圓","多麵手"
"做生意講信譽","理所當然"
"做媳婦的沒婆婆","好當傢"
"做小本生意 ","斤斤計較"
"做賊盜黃連","自討苦吃"
"做賊的不用化裝 ","賊眉賊眼"
"做賊的說夢話","想偷"
"做賊碰上劫路人","壞到一塊瞭；冤傢路窄"
"做磚的坯子、插刀的鞘子","框框套套"
"一把粉打在後頸窩","釉子上反瞭"
"梆子改木魚","這個挨敲的貨"
"中鞦節賞桂花","花好月圓"
"中鞦節的月亮","光明正大"
"中鞦過瞭閏八月","團圓過瞭又團圓"
"中鞦的天氣","不冷不熱"
"閻王的爺爺","老鬼"
"瞎子拉琴","瞎扯"
"牆頭上跑馬","不迴頭的畜牲"
"猴子拉稀","壞瞭腸子瞭"
"跌在竹園裏","該扡(韆)死"
"強盜畫影象","就你那副賊形"
"貓兒攀倒甑","狗得福"
"雪地畫梅","狗腳闆"
"菩薩的胸懷","沒有心肝"
"望江亭上度中鞦","近水樓颱先得月"
"關公降曹操","身在曹營心在漢"
"鵝卵石壘牆腳","根基不穩"
"鵝卵石掉醬缸","一個糊塗蛋"
"鵝蛋換鴨蛋","不上算；不閤算"
"鵝吃草，鴨吃榖","各人享各人福"
"閻王齣告示","鬼話連篇"
"望鄉颱上高歌","不知死的鬼"
"鐵匠鋪的料","挨打的貨"
"高梁撒在粟地裏","雜種"
"看見菩薩屙屎","講鬼話"
"看衣服行事","狗眼看人"
"種地不齣苗","壞種"
"屎殼郎打哈欠","一張臭嘴"
"狗咬皮影子","沒一點人味"
"狗打噴涕","三日晴"
"茅房裏打燈籠","照屎(找死)"
"茅廁裏題詩","臭秀纔"
"範進中舉","喜瘋瞭"
"披著狗皮","不是人"
"孝弟忠信禮義謙","無恥"
"豆豉口袋","臭東西"
"後背梁長瘡骨臍眼流膿","壞透瞭"
"肉鍋裏煮湯圓","葷(昏)蛋"
"肉骨頭敲鼓","葷(昏)都 都"
"吊死鬼打粉插花","死不要臉"
"陰間齣賞格","尋鬼"
"芝麻地裏撒黃豆","雜種"
"灰堆裏燒山藥","都是些灰(混)蛋"
"老虎拖蓑衣","無人氣"
"石頭放在雞窩裏","混蛋"
"東嶽廟裏二鬍","鬼扯"
"頭頂上長瘡，腳底下化膿","壞透瞭"
"牛屎蟲搬傢","滾蛋"
"五百錢分兩下","二百五"
"天落饅頭","狗造化"
"元宵滾進鍋裏","混蛋一個"
"天上落豆渣","該豬吃"
"土地老爺挖瞭眼","瞎鬼"
"三伏天賣不掉的肉","臭貨"
"大車拉王八","載你"
"大姑娘養的","醜東西"
"三年不屙屎","糞脹(混帳)"
"三年不洗口","一張臭嘴"
"狼也跑瞭，羊也保瞭","兩全其美。"
"滿上跑的兔子不迴傢","野慣瞭。"
"老子偷瓜兒盜果，老子殺人兒放火","一輩更比一輩壞。"
"拉屎啃雞腿","虧他張得開口。"
"苦瓜樹上結黃連","一個更比一個苦。"
"瞌睡遇到枕頭","求之不得。"
"考上秀纔盼當官","欲無止境。"
"看天說話","眼光太高。"
"九月的甘蔗","甜到心。"
"井裏的吊桶","任人擺布。"
"井底下寫文章","學問不淺。"
"叫花子唱歌","假快活。"
"急驚瘋碰著個慢郎中","乾著急。"
"黃豆切細絲","功夫到傢瞭。"
"葫蘆瓢撈餃子","滴水不漏。"
"虎口拔牙","膽子不小。"
"候車室裏的掛鍾","群眾(眾人)觀點。"
"和尚挖牆洞","妙(廟)透瞭。"
"寒山寺的大鍾","搬不動。"
"棺材鋪的生意","賺死錢。"
"寡婦打孩子","捨不得。"
"剛齣爐的鐵","心地純正。"
"趕廟的失孩子","活丟人"
"斷柄鋤頭","沒把握。"
"渡船過河","劃得來。"
"賭徒的嘴巴","盡說到點子上。"
"毒蛇鑽進竹筒裏","假裝正直。"
"兜裏的錢，鍋裏的肉","跑不瞭。"
"鼕天火爐夏天扇","用得上。"
"鼕天的大蔥","皮乾葉爛心不死。"
"帶著存摺進棺材","死要錢。"
"冰塊掉進醋缸裏","寒酸。"
"抱黃連敲門","苦到傢瞭。"
"打發閨女，娶兒媳","兩頭忙。"
"搭棚子賣綉花針","買賣不大，架子不小。"
"八百年前立的杆","老光棍。"
"廚房裏的燈","常常受氣。"
"吃魚不吐骨頭","說話帶刺。"
"鞭炮兩頭點","想(響)到一塊瞭。"
"鋼絲穿豆腐","彆提瞭。"
"飯桌上的抹布","嘗盡瞭酸甜苦辣。"
"擀麵杖作筷，盆作杯","大吃大喝。"
"東扯葫蘆西扯瓢","故意找茬兒。"
"雕像匠不給神像扣頭","知道老底。"
"到手的肥肉換骨頭","心不甘。"
"刀砍大海水","難捨難分。"
"吃飽瞭溜大圈","撐的瞭。"
"糞堆上開花","臭美。"
"背著娃娃推磨","添人不添勁"
"蒼蠅叮菩薩","沒人味。"
"口袋裏裝釘子","個個想齣頭。"
"吃菠蘿問酸甜","明知故問。"
"看見嶽父不搭腔","有眼不識泰山。"
"吃曹操的飯乾劉備的事","吃裏爬外"
"周瑜病倒在蘆花蕩","氣煞"
"關帝廟裏找美髯公","篤定"
"孔明彈琴退仲達","臨危不亂"
"關公麵前耍大刀","自不量力"
"趙雲大戰長阪坡","大顯神威"
"諸葛亮舌戰群儒","全靠一張嘴"
"諸葛亮焚香操琴","故弄玄虛"
"魯肅上瞭孔明船","糊裏糊塗"
"隔門縫瞧諸葛亮","瞧扁瞭英雄"
"孔明草船藉箭","有藉無還"
"劉備三顧茅廬","好難請"
"關羽颳骨療毒","無痛苦之色"
"司馬炎廢魏主","襲用老譜"
"諸葛亮玩狗","聰明一世糊塗一時"
"呂布戲貂蟬","英雄難過美人關"
"煮豆燃豆萁","自傢人整自傢人"
"周瑜謀荊州","陪瞭夫人又摺兵"
"張飛捉螞蚱","有勁使不上"
"看三國掉淚","替古人擔憂"
"孔明的錦囊","用不完的計"
"張飛賣豆腐","人強貨不硬"
"黃忠交朋友","人老心不老"
"孔明用空城計","迫不得已"
"關羽流鼻血","紅上加紅"
"龐統當知縣","大材小用"
"黃忠掄大錘","老當益壯"
"張飛耍杠子","輕而易舉"
"孔明皺眉頭","計上心頭"
"關羽做木匠","大刀闊斧"
"司馬誇諸葛","甘拜下風"
"關羽守嫂嫂","情誼為重"
"關羽開刀鋪","貨真價實"
"關羽進皇宮","單刀直入"
"張飛賣秤砣","人強貨硬"
"張飛戰馬超","不分勝負"
"關羽走麥城","末日來臨"
"張飛戰關羽","忘瞭舊情"
"關羽打噴嚏","自我吹噓"
"關雲長放屁","不知臉紅"
"曹操下宛城","大敗而逃"
"徐庶進曹營","一言不發"
"張飛擺屠案","凶神惡煞"
"張飛吃秤砣","鐵瞭心"
"猛張飛舞刀","殺氣騰騰"
"許褚鬥馬超","赤膊上陣"
"趙子龍齣兵","迴迴勝"
"關羽開鳳眼","要殺人"
"張飛戴口罩","顯大眼"
"張飛拆橋","有勇無謀"
"關羽赴宴","有膽有魄"
"阿鬥當官","有名無實"
"張飛上陣","橫衝直撞"
"殺關羽","嫁禍於人"
"孔明練琴","老生常談"
"張飛討債","聲勢凶"
"黃忠射箭","百發百中"
"張飛睡覺","不閉眼"
"黃忠叫陣","不服老"
"曹操用人","唯纔是舉"
"曹操轉胎","疑心重"
"坐飛機吹喇叭","唱高調"
"豬八戒進瞭女兒國","不想走瞭"
"芝麻開花","節節高"
"丈二的和尚","摸不著頭腦"
"早開的紅梅","一枝獨秀"
"嶽飛背刺字","精忠報國"
"一頓能吃三升米","肚量大"
"啞巴打官司","有口難言"
"下雪天穿裙子","美麗動(凍)人"
"頭頂生瘡，腳底流膿","壞透瞭"
"天文颱上的望遠鏡","好高騖遠"
"四兩棉花","免談(彈)"
"泥菩薩過河","自身難保"
"門縫裏看人","把人看扁瞭"
"貓哭耗子","假慈悲"
"盧溝橋上的獅子","數不清"
"老太婆開瞭口","一望無涯(牙)"
"抓把兔子草喂駱駝","不是好料"
"鷹嘴裏奪兔，貓嘴裏奪魚","難下手；下不瞭手；無法下手"
"鷹飽不抓兔，兔飽不齣窩","懶對懶"
"野地裏攆兔子","誰逮住就屬誰"
"羊群裏跑齣個小兔子","野種"
"下雪天打兔子","白跑"
"瞎狗逮兔子","碰到嘴上"
"武鬆打兔子","英雄無用武之地"
"喂兔養羊","本小利長"
"兔子坐上虎皮椅","六神無主"
"兔子枕著獵槍睡","膽大包天"
"兔子宴請老虎","寅吃卯糧"
"兔子下兒","與眾不同"
"兔子尾巴","長不瞭"
"兔子生耗子","一窩不如一窩"
"老奶奶吃稀飯","無恥(齒)下流"
"孔夫子的硯颱","心太黑"
"開封府的包公","鐵麵無私"
"黃鼠狼給雞拜年","沒安好心"
"好泥巴打好竈","好心討不到好報"
"韓信點兵","多多益善"
"滾油鍋裏撒瞭一把鹽","炸開瞭"
"蛤蟆跳井","不懂(撲通)"
"糞坑裏的石頭","又臭又硬"
"鼕水田裏種麥子","怪栽(哉)"
"滴水石穿","非一日之功"
"燈盞油乾","火燒芯(心)"
"打破沙鍋","問到底"
"打翻瞭五味瓶","酸甜苦辣鹹，樣樣有"
"朝著窗外吹喇叭","名(鳴)聲在外"
"茶壺裏煮餃子","有貨倒不齣"
"兔子群裏一隻虎","龐然大物"
"兔子跑到磨坊裏","假充大尾巴驢"
"兔子滿山跑","還來歸舊窩"
"兔子拉犁耙","力不能及；心有餘而力不足；無能為力"
"兔子拉車","不懂那一套；又蹦又跳；連蹦帶跳"
"兔子靠腿狼靠牙","各有各的謀生法"
"死諸葛嚇退活仲達","生不如死"
"半路殺齣一個程咬金","突如其來"
"蒸籠裏的饅頭","自高自大"
"棋盤上的卒子","隻能進，不能退"
"熱鍋上的螞蟻","走投無路"
"燒香趕齣和尚","喧賓奪主"
"蚊子叮雞蛋","無孔不入"
"兔子進磨道","充什麼大耳朵驢"
"兔子叫門","送上門的肉"
"兔子見瞭鷹","毛瞭"
"兔子駕轅牛打套","亂瞭套；亂套瞭"
"兔子駕轅馬拉車","亂瞭套"
"兔子駕轅","不閤套"
"兔子構厥子","沒後勁"
"兔子跟著馬兒跑","望塵莫及"
"兔子逗老鷹","惹禍上身；自取其禍；沒事找事"
"兔子的耳朵","靈得很"
"兔子戴夾闆","充大耳朵驢"
"兔子打架","小打小鬧；上躥下跳"
"兔子吃年糕","悶瞭口"
"兔子成精","比老虎還厲害"
"兔子剝皮","倒扒"
"兔子逼急瞭","還會咬人哩"
"兔子蹦到車轅上","假充大把勢(車把勢。趕大車的人)"
"兔子扒窩","安傢落戶"
"兔死還要跳三跳","垂死掙紮"
"兔死狐悲","物傷其類"
"兔兒爺拍胸口","沒心沒肝"
"兔兒爺過河","軟癱瞭"
"兔兒爺打架","散攤子"
"兔兒爺(兔頭人身的泥塑玩具)打架","散攤瞭"
"茶鋪裏的水","滾開"
"南天門的燈籠","照得高"
"眉毛鬍子一把抓","不分主次"
"啞巴吃黃連","有苦無處訴"
"砧闆上的肉","任人宰割"
"夜裏的風雨","下落不明"
"泥菩薩的眼睛","有珠無光"
"紙糊的燈籠","一戳就穿"
"尾巴上綁蘆葦","假充大公雞"
"針尖對麥芒","針鋒相對"
"沒眼的笛子","吹不晌"
"沒有根的浮萍","無依無靠"
"沙漠裏的鴕鳥","顧頭不顧尾"
"竈颱上的抹布","揩油"
"床底下竹筍","長不高"
"佛爺的桌子","碰不得"
"禿子頭上的虱子","明擺著"
"旱地的螺螄","有口難開"
"花生的殼，大蔥的皮","一管管一層"
"豆腐拌腐乳","越拌越糊塗"
"竹籃子打水","一場空"
"紅藍鉛筆","兩頭挨刀"
"陰溝裏的水","拎也拎不清"
"燈籠殼子","外頭好看裏頭空"
"肉案上的買賣","斤斤計較"
"老和尚的木魚","生來就挨揍"
"老鼠鑽進風箱裏","兩頭受氣"
"老太太住高樓","上下兩難"
"四海龍王動刀兵","裏裏外外都是水"
"半空裏的火把","高明"
"鼕天的扇子","沒人喜歡"
"古廟裏的旗幟","獨一無二"
"去年的皇曆","不中用"
"打半邊鼓","旁敲側擊"
"龍王爺亮相","張牙舞爪"
"石頭上種蔥","白費勁"
"孔夫子唱戲","齣口成章"
"水底撈月，天上摘星","想到做不到"
"以卵擊石","自不量力"
"六月裏戴皮帽","硬套"
"六十歲吹鼓手","趕時髦"
"風吹牆頭草","兩邊倒"
"月亮底下點燈籠","多此一舉"
"烏龜找甲魚","正是一路貨"
"切菜刀剃頭","危險"
"木闆上釘釘","個個算數"
"王婆賣瓜","自賣自誇"
"王小二過年","一年不如一年"
"王八吃秤砣","鐵瞭心"
"兔兒頭，老鼠尾","不倫不類"
"套馬杆子逮兔子","瞎鬍鬧"
"三眼槍打兔子","沒準兒"
"青蛙望玉兔","有天地之彆"
"敲鑼攆兔子","起哄"
"騎兔子拜年","寒磣"
"鳥槍打兔子","睜隻眼，閉隻眼"
"滿山跑的兔子不迴窩","野慣瞭"
"摟草打兔子","捎帶活"
"癩蛤蟆追兔子","一步跟不上，步步跟不上；一步趕不上，步步都緊張"
"開著拖拉機攆兔子","有勁使不上(比喻有本事、才能，但因條件所限施展不開。)"
"扣在籠子裏的兔子","亂撞亂碰；擠擠撞撞"
"飛機上聊天","空談"
"飛機上吊蟹","懸空八隻腳"
"馬尾巴串豆腐","提不起；彆提瞭"
"公雞尾巴","翹得高"
"太歲頭上的土","動不得"
"井底的蛤蟆","見識少"
"開瞭瓶的燒酒","好衝"
"小偷進牧場","順手牽羊"
"口裏含冰糖","嘴甜"
"山洞的老鼠","東張西望"
"山西騾子學驢叫","南腔北調"
"上天摘星星","異想天開"
"下雪天過獨木橋","提心吊膽"
"下雨天背稻草","越背越重"
"下雨天打麥子","難收場"
"大象屁股","推不動"
"大姑娘坐花轎","頭一遭"
"大鬆樹作燒火柴","大材小用"
"三隻腳的闆凳","不穩"
"三人兩根須","稀少"
"九麯橋上散步","走彎路"
"九月裏的甘蔗","甜到心"
"開春的兔子","成群結夥"
"進網的兔子上鈎舶魚","十拿九穩"
"見瞭兔子纔放鷹","有利纔齣徵(比喻對自己沒利的事不乾。)"
"機關槍打兔子","小題大做"
"懷裏揣著十五隻兔子","七上八下"
"懷揣兔子","忐忑"
"八十歲學吹打","齣息不大"
"八月的石榴","滿腦袋點子"
"七個錢對半分","不三不四"
"十五隻吊桶打水","七上八下"
"二十一天孵不齣小雞","壞蛋"
"二鍋頭的瓶子","嘴緊"
"一粒老鼠糞","搞壞一鍋湯"
"一盤象棋下兩天","棋逢對手"
"一肚子加減乘除","心中有數"
"一個教師一路拳","各有各的打法"
"高山上打鑼","四方聞名(鳴)"
"唐僧念經","一本正(真)經"
"保溫瓶的塞子","賭(堵)氣"
"旗杆上掛剪刀","高纔(裁)"
"碗底的豆子","曆曆(粒粒)在目"
"響鼓不用重錘","一點就明(鳴)"
"鹹菜煮豆腐","不必多言(鹽)"
"草把作燈","粗心(芯)"
"空棺材齣喪","目(木)中無人"
"和尚打傘","無法(發)無天"
"肚子裏撐船","內行(航)"
"壽星彈琵琶","老生常談(彈)"
"燈草做拐杖","做不得主(拄)"
"年初一吃酒釀","頭一遭(糟)"
"竹林裏栽柏樹","親(青)上加親(青l"
"老蜘蛛的肚子","淨是私(絲)"
"老鼠跳到琴上","亂談(彈)"
"對著窗戶吹喇叭","名(鳴)聲在外"
"電綫杆上插雞毛","好大的膽(撣)子"
"打破砂鍋","問(紋)到底"
"狐狸哭兔子","假慈悲；假慈善"
"猴子笑兔子尾巴短","彼此彼此；彼此一樣"
"高粱地裏放鳥槍","打發兔子起瞭身"
"餓狼撲兔子","抓住不放"
"丟瞭黃牛攆兔子","不知哪大哪小"
"逮瞭兔子死瞭鷹","得不償失"
"大年三十晚上打兔子","有你不多，沒你不少"
"大年初一逮兔子","有它過年，無它也過年(比喻微不足多，增減都不影響大局。)"
"打著兔子跑瞭馬","得不償失"
"打兔子捉到黃羊","撈外快；格外"
"打瞭兔子喂鷹","好處給瞭惡人"
"穿兔子鞋的","跑得快"
"草堆裏蹦齣個兔子","你也算個保鏢"
"不倒翁騎兔子","沒個老實勁兒"
"八月十五捉兔子","有你過節，無你也過節(比喻有沒有無關大局。)"
"正月十五踩高蹺","半截不是人"
"正月十五看花燈","走著瞧"
"正月十五貼門神","晚瞭半個月"
"大年初一見麵","都說吉利話"
"大年初一不上供","沒神"
"三十晚上煮稀飯","不像過年的架勢"
"大門上的春聯","一定成對"
"竈王爺上天","多說好話"
"石頭蛋子醃鹹菜","一言(鹽)難盡(進)"
"孔夫子的口袋","書呆(袋)子"
"六七八九","沒食(十)"
"月下提燈","虛掛名(明)"
"瓦匠的雙手","多疑(泥)"
"藕炒黃豆","鑽空(孔)子"
"嘴上塗石灰","白說(刷)"
"木排下水","不成(沉)"
"夫子的徒弟","閑(賢)人"
"雲彩上點燈","空掛名(明)"
"山林中燒火","就地取材(柴)"
"丈八的竈颱","高照(竈)"
"大鬍子","難題(剃)"
"大麥去瞭皮","白人(仁)"
"大公雞鬧嗓子","彆提(啼)瞭"
"下雨齣太陽","假情(晴)"
"下雨不打傘","臨(淋)到頭上瞭"
"下巴底下支小鍋","吵(炒)嘴哩"
"七十歲配眼鏡","老話(花)"
"十月的蘿蔔","動(凍)瞭心"
"二兩棉花打絮","談(彈)不上"
"一跤跌在青雲裏","交好運(雲)"
"一根麥稈打鼓","不想(響)"
"一串錢九百九","不成調(吊)兒"
"一個墨鬥彈齣兩樣綫","思(絲)路不對"
"一個耳朵大，一個耳朵小","豬狗養的"
"一群太監開會","無稽(J)之談"
"小母牛坐蒸籠","吹牛Ｂ"
"屬竈王爺的","誰傢鍋颱都上"
"周瑜打黃蓋","兩相情願"
"關公赴會","單刀直入(比喻直截瞭當，不繞彎子) 、"
"周瑜打黃蓋","裝樣子"
"關公進曹營","單刀直入"
"周瑜打黃蓋","一個願打，一個願挨"
"董卓進京","不懷好意"
"董卓進京","來者不善"
"關勝戰李逵","大刀闊斧"
"吃曹操的飯，想劉備的事","人在心不在"
"關帝廟裏掛觀音像","名不符實"
"關帝廟裏拜觀音","找錯瞭門"
"周瑜討荊州","費力不討好"
"諸葛亮當軍師","名副其實"
"關帝廟夫人","慌瞭神"
"司馬懿破八卦陣","不懂裝懂"
"諸葛亮唱空城計","沒辦法"
"張飛使計謀","粗中有細"
"曹操吃雞肋","食之無味，棄之可惜"
"諸葛亮徵孟獲","收收放放"
"張飛扔雞毛","有勁難使"
"曹操下江南","來得凶，敗得慘"
"駑馬戀棧豆","必不能用也"
"關雲長走麥城","大難臨頭"
"東吳招親","弄假成真"
"諸葛亮用空城計","不得已"
"關公喝酒","不怕臉紅"
"諸葛亮吊孝","不是真心"
"關公照鏡子","自覺臉紅"
"諸葛亮吊孝","裝模作樣"
"關公射黃忠","手下留情"
"諸葛亮草船藉箭","有把握"
"關帝廟求子","踏錯瞭門"
"對著張飛罵劉備","找氣惹"
"諸葛亮草船藉箭","用的是疑兵計"
"關雲長賣豆腐","人硬貨不硬"
"貂蟬唱歌","有聲有色"
"草船藉箭","滿載而歸"
"關羽賣肉","沒人敢來"
"董卓戲貂蟬","死在花下"
"草船藉箭","坐享其成"
"關公開鳳眼","要殺人"
"草船藉箭","多多益善"
"張飛穿針","大眼瞪小眼"
"諸葛亮隆中對策","有先見之明"
"張飛穿針","粗中有細"
"曹操諸葛亮","脾氣不一樣(比喻人不同，性格也不相同)"
"諸葛亮的錦囊","神機妙算"
"張飛綉花","粗中有細"
"曹操敗走華容道","走對瞭路子"
"諸葛亮用兵","神齣鬼沒"
"張飛抓耪子","大眼瞪小眼"
"曹操敗走華容道","不齣所料"
"諸葛亮招親","纔重於貌"
"張飛媽媽姓吳","無事(吳氏)生非"
"曹操殺呂伯奢","將錯就錯"
"諸葛亮要醜妻","為事業著想"
"張飛吃豆芽","一盤小萊"
"曹操戰宛城","大敗而逃"
"諸葛亮揮淚斬馬謖","顧全大局"
"張飛戰關公","忘瞭舊情"
"曹操用計","又奸又滑"
"諸葛亮藉箭","有藉無還"
"張飛賣肉","光說不割"
"曹操殺華佗","諱疾忌醫"
"諸葛亮三氣周瑜","略施小技"
"張飛賣秤錘","人強貨硬"
"曹操作事","乾乾淨淨"
"諸葛亮的鵝毛扇","神妙莫測"
"張飛販私鹽","誰敢檢查"
"諸葛亮彈琴","計上心來"
"一隻熊走過來"," 有備而來(有bear來)"
"一隻蜜蜂叮在掛曆上","風(蜂)和日麗(日曆)"
"一條狗過瞭獨木橋之後就不叫瞭"," 過目不忘(汪)"
"春哥敲門","蠢(春)到傢瞭"
"小母牛迎風坐高壓綫","牛逼拉轟帶閃電"
"掩目而捕燕雀","是自欺也"
"雪獅子嚮火","酥瞭半邊"
"佛麵上去颳金","刻薄"
"割貓兒尾拌貓兒飯","自供自"
"一佛齣世，二佛涅磐","死去活來"
"燈蛾撲火","惹焰燒身"
"孫武子教女兵","十捉九著"
"馬蹄刀木勺裏切菜","水泄不露"
"花木瓜","空好看"
"閻羅王麵前","沒放迴的鬼"
"甕中捉鱉","手到拿來"
"賊去瞭關門","遲瞭"
"皮肉粗糙，骨骼堅強","各有一得可取"
"三錢銀子買個毛驢","自誇騎得"
"蒼蠅包網兒","好大麵皮"
"販古董的","識貨"
"和尚拖木頭","做齣瞭寺"
"大海裏翻瞭豆腐船","湯裏來，水裏去"
"堂屋裏掛獸皮","不象畫(話)"
"有大哥有二弟","你算老幾"
"屎殼郎趴在鞭梢上","光知道騰雲駕霧，不知道死在眼前"
"放屁砸坑","造窯(謠)"
"一群文盲玩勁舞團","聞雞起舞"
"趕著王母娘娘叫大姑","想沾點仙氣"
"80歲老太太踢毽子","蓋中蓋"
"老肥豬上屠","挨刀的貨"
"都上廁所去瞭吧","誰信啊"
"春哥上貓撲","遍地菊花開"
"趕著草泥馬過火焰山","往死裏逼"
"尿尿對旗杆","充(衝)棍"
"偷爸媽的TT","裝孫子"
"女人生孩子","血口噴人"
"三角墳地","缺德"
"鐵刷帚刷銅鍋","傢傢挺硬"
"狗咬尿泡","空歡喜"
"吃瞭磨刀水的","秀氣在內"
"尖擔擔柴","兩頭脫"
"磨磚砌的喉嚨","又光又溜"
"糟鼻子不吃酒","枉擔其名"
"皮笊籬","一撈個罄盡"
"乍入蘆芋","不知深淺"
"蛇頭上蒼蠅","自來的衣食"
"焦瞭尾巴稍子","絕後"
"含著骨頭露著肉","吞吞吐吐"
"羊群裏跑齣駱駝來瞭","就隻你大"
"可著頭做帽子","要一點富餘也不能"
"小蔥拌豆腐","清的清白的白"
"鋸瞭嘴子的葫蘆","沒口齒"
"頂梁骨走瞭真魂","嚇得要命"
"耗子尾巴上長瘡","多少膿血兒"
"見提著影戲人子上場","好歹彆戳破這層紙"
"倉老鼠和老鴰去藉糧","守著的沒有，飛著的有"
"聾子放炮仗","散瞭"
"黃柏木作磐槌子","外頭體麵裏頭苦"
"狀元痘兒灌的漿兒","又滿是喜事"
"宋徽宗的鷹，趙子昂的馬","都是好畫兒"
"九國販駱駝的","到處兜攬生意"
"金簪子掉在井裏頭","有你的隻是有你的"
"黃鷹抓住瞭鷂子的腳","扣瞭環瞭"
"丈八的燈颱","照見人傢，照不見自傢"
"韆裏搭長棚","沒有個不散的宴席"
"狗咬呂洞賓","不識好歹"
"推倒油瓶不扶","懶到傢瞭"
"引風吹火","費力不多"
"藉劍殺人","不露痕跡"
"坐山觀虎鬥","坐收其利"
"膊摺瞭往袖子裏藏","自掩苦處"
"蠟燭一生","損瞭自己照亮瞭彆人"
"蝸牛蓋房子","自己顧自己"
"母雞的理想","為瞭把骨糠"
"穿沒底的鞋","腳踏實地"
"屬蜘蛛的","滿肚子私(絲)"
"老鼠眼","看不遠"
"丟瞭西瓜撿芝麻","因小失大"
"王字與玉字相比","隻差一點"
"黑泥鰍鑽進金魚缸","獻醜"
"螞蚱扛大樹","自不量力"
"鞦後的螞蚱","蹦達不瞭幾天"
"麻雀生鵝蛋","硬逞能"
"臘月裏遇見狼","冷不防"
"尾巴掛掃帚","威風掃地"
"雞腳上栓螞蚱","飛不瞭你，蹦不瞭他"
"公雞頭上一塊肉","大小是個官(冠)"
"黃鼠狼剁瞭尾巴","難看在後頭"
"狐狸吵架","一派鬍(狐)言"
"猴子吃辣椒","抓耳撓腮"
"馬勺裏的蒼蠅","混飯吃"
"吃瓜子磕齣臭蟲來","什麼人(仁)都有"
"百靈鳥碰到鸚鵡","會唱的遇見會說的"
"掉瞭幾根毫毛","無傷大體"
"掉瞭箍的水桶","散瞭闆"
"掉瞭耳朵的瓦罐","提不起來；沒法提；提不得"
"掉進陷阱裏的野豬","張牙舞爪；死路一條"
"掉進陷阱裏的狗熊","熊到底瞭"
"公雞下蛋","沒指望"
"渴瞭打井","來不及瞭"
"蛤蟆坐在井裏","隻看見碗大的天"
"包河裏的藕","沒私(絲)"
"程嬰告密搜趙武","捨兒救孤"
"蜻蜓搖石柱","休想"
"水上浮萍","根莖不穩"
"沙灘上蓋房子","不牢靠"
"芝果樹","開花多，結果少"
"水牛鑽鼠洞","行不通"
"騎上虎背","欲罷不能"
"盤子裏生豆芽兒","紮不下根"
"張飛綉花","力不從心"
"九十歲老翁學武術","心有餘而力不足"
"挑著石頭爬泰山","沒有那麼容易"
"上滿發條的鍾錶","一分一秒不休息"
"穿丁鞋走泥路","步步紮實"
"沙攤上拉車","一步一個腳印"
"坐著飛機放聲唱","高歌猛進"
"楊令公的兒子","一個賽過一個"
"春筍破土","節節升"
"大姑娘做媒","先人後已"
"腦瓜門沒頭發","前途光明"
"四十裏地不換肩","麻雀下雞蛋"
"水牛過河","嶄露頭腳"
"小腳女人踢足球","尖端"
"飛機上點燈","高明"
"半夜三更放大炮","一鳴驚人"
"木匠帶枷","自作自受"
"大水淹瞭龍王廟","不認自傢人"
"八級工拜師傅","精益求精"
"冰糖煮黃蓮","同甘共苦"
"二十一天不齣雞","壞蛋"
"程咬金的斧頭","就這三下子"
"上鞋不用錐子","針(真)行"
"螃蟹過街","橫行霸道"
"窗戶邊吹喇叭","名聲在外"
"大姑娘坐轎","頭一迴"
"推小車上颱階","一步一個坎"
"跳上舞颱湊熱鬧","逢場作戲"
"提著馬燈下礦井","步步深入"
"銅鈑上釘鉚釘","一是一，二是二"
"過年娶媳婦","雙喜臨門"
"和尚訓道士","管得寬"
"秀纔遇到兵","有理講不清"
"猴子撈月亮","空忙一場"
"瞎子戴眼鏡","裝飾"
"趕鴨子上架","吃力不討好"
"小和尚念經","有口無心"
"小蔥拌豆腐","一清二白"
"歪嘴講故事","斜(邪)說"
"王八吃年糕","鐵瞭心"
"外甥打燈籠","照舊(舅)"
"肉包子打狗","有去無迴"
"韆裏送鵝毛","禮輕情意重"
"騎驢看唱本","走著瞧"
"潑齣去的水","收不迴"
"薑太公釣魚","願者上鈎"
"鐵打的公雞","一毛不拔"
"高山上敲鼓","四麵聞名(鳴)"
"釘頭碰釘子","硬碰硬"
"竹筍齣土","節節高"
"菜刀切豆腐","兩麵光"
"牆上茅草","隨風兩邊倒"
"嫩竹扁擔挑起大籮筐","後身可畏"
"魚鷹下洞庭","大有作為"
"房梁上掛暖壺","高水平"
"鐵匠鋪的買賣","樣樣都過得硬"
"獨臂將軍","有一手"
"挑水騎單車","本領高"
"電綫杆上耍把戲","武藝高"
"比賽場上的運動員","爭先恐後"
"馬上耍雜技","藝高膽大"
"砌牆的磚頭","後來居上"
"鋼闆上打鉚釘","毫不動搖"
"老瞭的虎","雄心還在"
"三伏天的高粱杆","節節上升"
"瞎子進學堂","不認書(輸)"
"螞蟻爬樹","不怕高"
"老大娘找飛機","望遠瞧"
"八十歲老婆婆綉花","老來發憤"
"十裏高山望平地","要看遠景"
"二尺長的吹火筒","隻有一個心眼"
"熗麵饅頭送閨女","實心實意"
"蜜蜂釀蜜","不為自己"
"提著燈籠砍柴","明砍"
"泰山頂上觀日齣","高瞻遠矚"
"唱歌不看麯本","離譜"
"擔著鬍子過河","謙虛過度"
"齣太陽下暴雨","假情(晴)"
"老太太吃湯圓","囫圇吞"
"魯班門前耍斧","有眼無珠"
"到火神廟求雨","找錯瞭門"
"東洋人戴高帽","假充大個"
"頂風頂水劃船","硬撐"
"談心不點燈","說黑話"
"池塘裏的風波","大不瞭"
"放風箏斷瞭綫","沒指望瞭"
"豬八戒照鏡子","裏外不是人"
"隻許州官放火","不許百姓點燈"
"豬鼻子裏插蔥","裝象"
"我解纜，你推船","順水人情"
"苦水裏泡黃連","苦上加苦"
"賣鞭炮的炸瞭手","自作自受"
"賣冰棒的進茶館","一冷一熱；忽冷忽熱"
"賣布不用尺","鬍扯"
"賣炒勺的","揀有把握的來"
"賣醋賣糖","各管一行"
"賣豆腐帶種河灘地","水裏來，水裏去"
"賣豆腐的扛颱腳","生意不大架子大"
"賣豆芽的抖摟筐","乾淨利索"
"賣房賣地置嫁妝","下盡本錢"
"賣瓜的誇瓜甜，賣魚的誇魚鮮","自賣自誇"
"賣孩子唱大戲","慶的什麼功"
"賣鬍琴的碰上賣布的","拉拉扯扯"
"賣花圈的咬牙","恨人不死"
"賣花人說花貴，賣茶人說茶芳","各有一套"
"賣花人說花艷，賣菜人講菜鮮","自賣自誇"
"賣灰麵(麵粉)遇大風","倒黴透瞭；真倒黴"
"賣雞蛋的跌跤","完蛋；滾蛋"
"賣糨糊的敲門","糊塗到傢瞭"
"賣褲子打酒喝","顧嘴不顧身"
"賣瞭兒子招女婿","顛倒著做；鬍摺騰"
"賣瞭生薑買蒜吃","換換口味"
"賣瞭鞋子買帽子","顧頭不顧腳"
"賣瞭衣服買酒喝","顧嘴不顧身"
"賣綠豆攙珍珠","不上算；不閤算"
"賣饅頭的攙石灰","麵不改色"
"賣門神掉江裏","人財兩空"
"賣米不帶升","存心不良(量)"
"螞蟻頭上砍一刀"," 沒血肉"
"螞蟻拖秤砣","難上加難"
"螞蟻拖耗子","心有餘而力不足"
"螞蟻下塘","不知深淺"
"螞蟻抓上牛角尖","自以為上瞭高山"
"螞蟻嘴碾盤","嘴上的勁"
"螞蚱打食(找食)","緊顧嘴"
"螞蚱戴籠頭","假充大牲口；好大的臉麵"
"螞蚱鬥公雞","自不量力"
"螞蚱爬在鞭梢上","經不起摔打"
"螞蚱上豆架","藉大架子嚇人"
"螞蚱跳塘","不知深淺"
"螞蚱頭炒盤菜","多嘴多舌"
"螞蚱腿上颳精肉","難下手"
"罵瞭皇帝罵祖先","不忠不孝"
"罵人挖祖墳","欺人太甚"
"買把韭菜不擇","抖起來瞭"
"買豆腐花肉價錢","不閤算"
"買金的遇見賣金的","正閤適"
"買麵的進瞭石灰店","走錯瞭門"
"近視眼過獨木橋","不敢抬頭挺胸嚮前看"
"捂著屁股過河","多加一份小心"
"樹葉怕打破腦殼","膽小鬼"
"蚯蚓走路","伸一下，縮一下"
"扁擔上睡覺","想得寬"
"扁擔打跟頭","先一頭落地"
"閉著眼睛趟河","聽天由命"
"筆杆子吞進肚","胸有成竹"
"鼻子上抹黃連","苦在眼前"
"鼻頭搽白粉","一副好相"
"鼻涕流進喉嚨裏","吃虧沾光沒外人"
"笨狗攆兔子","不沾邊"
"被麵上刺綉","錦上添花"
"被窩裏劃拳","沒摻外手"
"背後拉弓","暗箭傷人"
"背著醋罐子討飯","窮酸"
"盲人點蠟燭","白浪費"
"老太太的嫁妝","古貨"
"發齣去的信","收不迴瞭"
"拿著雞毛當令箭","小題大作"
"螞蟻碰上雞","活該"
"臭豆腐","聞著臭吃起來香"
"鳥字寫成烏","還差一點"
"麻袋綉花","底子不好"
"鳳姐穿比基尼","人神共憤"
"鳳姐開飯店","隻齣不進"
"鳳姐開減肥院","立竿見影"
"鳳姐追我","寜死不屈"
"鳳姐宋祖德","天生一對"
"鳳姐開口","驚天地泣鬼神"
"鳳姐的夫君","舉世矚目"
"鳳姐的嘴","血盆大口"
"吃飯時鳳姐駕到","上吐下瀉"
"雙黃蛋","  一身二心"
"雙腳踏雙船","猶豫不定"
"雙目失明的司令","瞎指揮"
"雙色圓珠筆"," 有二心"
"雙扇門上貼門神","  一對兒"
"豹子吃馬鹿","好大的胃口"
"背後掛鬍琴","拉不著"
"演員化妝","塗脂抹"
"搽粉上吊","死要麵子"
"聾子的耳朵","擺樣子"
"胸前掛闆","好大的牌子"
"袖筒裏伸齣一隻腳","誇大手"
"蝦子得意","愛蹦"
"爛茅屋上掛綉球","假漂亮"
"狗長瞭角","羊(洋)氣"
"廁所門口掛綉球","臭美"
"紅漆糞缸闆","臭講究"
"光腿穿大衫","光講闊氣不講醜"
"吃傢飯屙野屎","隻顧外頭"
"陰溝裏洗手","假愛清潔"
"石闆上炒豆子","熟瞭就蹦"
"布袋裏兜菱角","尖的齣頭"
"打腫臉","充胖子"
"打粉進棺材","死要麵子"
"打足瞭氣的皮球","愛蹦"
"打破腦殼不叫痛","死稱好漢"
"頭上安電風扇","大齣風頭"
"半瓶子醋","晃蕩得很"
"口袋裏裝滿錐子","愛露尖"
"一腳登上泰山","蹦得高"
"飽帶乾糧晴帶傘","有備無患"
"寶塔頂上的寶葫蘆","尖上拔尖"
"寶囊裏取物","手到擒來"
"雹子砸瞭棉花棵","光杆司令"
"苞榖麵糊","沒多大油水；油水不大"
"苞榖棒子生蟲","專(鑽)心"
"包子張嘴","露餡"
"包子熟瞭不揭鍋","窩氣"
"包子咧嘴","美齣餡瞭"
"包子吃到豆沙邊","嘗到甜頭"
"包元宵的做烙餅","多麵手"
"包腳布做圍脖","臭一圈兒"
"包腳布做夾扣子","又臭又硬；臭硬"
"包腳布做鞭子","文(聞)不能文(聞)，武(舞)不能武(舞)"
"包腳布上生蟣子","好角(腳)色(虱)"
"包腳布上飛機","一步(布)登天"
"包公殺親侄","先治其內，後治其外"
"包公放糧","為窮人著想"
"包公斷案","認理不認人"
"包公的鍘刀","不認人"
"包公的尚方寶劍","先斬後奏"
"包單布洗臉","大方"
"包辦的婚姻","身不由己；不由自主"
"棒子麵煮雞子兒","糊塗蛋"
"棒子麵煮葫蘆","糊糊塗塗；糊裏糊塗"
"棒子裏做蛋糕","不是正經材料"
"棒打鴛鴦","難分開；兩分離"
"棒打鴨子","颳颳(呱呱)叫"
"棒槌上天","總有一天落地"
"棒槌敲竹筒","空想(響)"
"棒槌裏插針","粗中有細"
"棒槌進城","成精作怪"
"棒槌改蠟燭","粗心"
"棒槌當針","粗細不分"
"棒槌打缸","四分五裂"
"棒槌吹火","一竅不通"
"蚌裏藏珍珠","好的在裏麵"
"膀子一甩","不乾瞭"
"絆倒趴在糞池邊","離死(屎)不遠"
"扮豬吃老虎","大智若愚"
"扮秦檜的沒卸裝","誰沒見過那二花臉"
"半夜做夢娶新娘","盡想好事；想得倒美"
"半夜做夢啃豬蹄","盡想好事；想得倒美"
"半夜做惡夢","虛驚一場；一場虛驚"
"半夜下雨","下落不明；不知下落"
"半夜敲門心不驚","問心無愧"
"半夜起來穿衣服","為時過早"
"半夜聊天","瞎說"
"半夜裏捉迷藏","瞎摸；摸不著"
"半夜裏掄大斧","瞎侃(砍)一通"
"半夜裏和麵","瞎鼓搗"
"半夜裏的寡婦","難過"
"半夜裏的被窩","正在熱乎勁上"
"半夜叫大姑娘的門","來者不善"
"半夜雞叫","不曉；亂瞭時辰"
"半夜彈琴","暗中作樂"
"半夜吃燒雞","思思想想(撕撕響響)"
"半天雲中拍巴掌","高手"
"半天雲裏做衣服","高纔(裁)"
"半天雲裏騎仙鶴","遠走高飛"
"半天雲裏飄氣球","高高在上；沒著落"
"半天雲裏拉傢常","空談"
"半天雲裏看廝殺","袖手旁觀"
"半天雲裏翻帳簿","算得高"
"半天雲裏吊口袋","裝瘋(風)"
"半天雲裏的雨","成不瞭氣候；不成氣候"
"半天雲裏吹嗩呐","想(響)得高"
"半天雲裏齣亮星","吉星高照"
"半天雲裏踩鋼絲","提心吊膽"
"半山腰倒惡水(滑水〕","下流"
"半山崖的觀音","老實(石)人"
"半瓶子醋","亂晃蕩"
"半路上丟算盤","失算瞭"
"半路上的新聞","道聽途說"
"半路開小差","有始無終"
"半籃子喜鵲","唧唧喳喳"
"半拉瓜子","不算個人(仁)"
"半空中數指頭","算得高"
"半空中騎馬","騰雲駕霧"
"半空中掛剪刀","高纔(裁)"
"半空中掛蒺藜","諷(風)刺"
"半空中趕牲口","露馬腳"
"半空中蓋房子","沒處落腳；落不得腳"
"半空中放爆竹","想(響)得高"
"半空中的氣球","上不著天，下不著地；懸著哩"
"半空中的火把","高明"
"半空中打把式","栽個大跟頭"
"半空的雲彩","變化多端"
"半斤放在四兩上","翹得高"
"半斤對八兩","不相上下；彼此彼此；一碼事；彼此一樣；誰也不吃虧"
"半截磚頭","甩瞭"
"半吊子的一半","二百五"
"半道上撿個喇叭","有吹的瞭"
"半邊豬頭","獨眼"
"半邊羊頭","獨角"
"闆上敲釘子","穩紮穩打"
"闆上釘釘子","實實在在；沒跑；跑不瞭；變不瞭；沒法變"
"闆上的泥鰍","無地容身；無處藏身"
"闆斧劈柴","一麵砍"
"闆凳上鑽窟窿","有闆眼；有闆有眼"
"闆凳上玩麻將","扒拉不開；打不開場麵"
"闆凳上擱蒺藜","坐不穩；坐不住"
"闆凳倒立","四腳朝天"
"搬石頭打天","自不量力；不自量；辦不到；夠不著"
"搬起石磙砸碾盤","實(石)打實(石)"
"搬菩薩洗澡","越弄越糟；白費神；空勞神"
"斑鴆打架","賣弄風流"
"斑鳩抱窩","懸蛋"
"班房裏的衙役","聽差的"
"扳著指頭算帳","有數"
"扳著爐子烤頭發","瞭(燎)不得"
"扳倒葫蘆灑瞭油","一不做，二不休"
"扳倒碓窩嚇婆婆","潑婦"
"扳不倒坐到燒餅上","麵上人"
"扳不倒騎兔子","不穩當；不穩"
"拜旨走進呂祖廟","走錯門瞭；找錯瞭門"
"拜年的嘴巴","盡說好話"
"拜把子兄弟開繭店","結黨營私(絲)"
"敗將收殘兵","重整旗鼓"
"敗傢子迴頭","金不換"
"柏油燙豬頭","連根拔"
"柏木椽子","寜摺不彎"
"百萬雄師下江南","興師動眾"
"百歲公公吹火","老氣"
"百日不下雨","久情(晴)"
"百年鬆樹，五月芭蕉","粗枝大葉"
"百米賽跑","分秒必爭；爭分奪秒；急起直追；奮起直追"
"百靈戲牡丹","鳥語花香"
"百裏奚飼牛拜相","人不可貌相"
"百裏奚認妻","位高不忘舊情"
"百裏草原一人傢","孤孤單單"
"百斤重擔能上肩，一兩筆杆提不動","大老粗"
"百斤麵蒸壽桃","廢物點心"
"百斤擔子加鐵砣","重任在肩；肩負重任"
"百貨店裏賣鞋襪","各有尺碼"
"百貨大樓賣西裝","一套一套的"
"百川歸海","大勢所趨"
"百尺竿頭掛剪刀","高纔(裁)"
"保險櫃掛大鎖","萬無一失"
"報國寺裏賣駱駝","沒有那個事(寺)"
"報時的雄雞","不用催"
"報紙上的社論","句句講真理"
"保護視力","小心眼！"
"廣州的癩蛤蟆","難纏(蟾)！"
"吃核桃","非砸瞭不可！"
"唱戲的淌眼淚","可歌可泣"
"蠶寶寶的嘴","齣口成詩(絲)！"
"産婦進産房","升(生)瞭！"
"城牆上的守衛","高手(守)"
"車禍","乘人之危！"
"鼻孔喝水","夠嗆！"
"愛剋斯(X)光照人","看透你瞭！"
"曹丕的錢","未必(魏幣)"
"吃飽瞭的牛肚子","草包！"
"一二三五六","沒事(四)"
"一二三四五六七","王(忘)八！"
"炊事員行軍","替人背黑鍋"
"大火燒竹林","一片光棍！"
"蒼蠅采蜜","裝瘋(蜂)"
"鱉下的","王八蛋！"
"八百年前立的旗杆","老光棍！"
"蝙蝠身上擦雞毛","你算什麼鳥？"
"唱戲的淌眼淚","可歌可泣"
"蠶寶寶的嘴","齣口成詩(絲)"
"車禍","乘人之危"
"鼻孔喝水","夠嗆"
"城牆上的守衛","高手(守)"
"唱戲的腿抽筋","下不瞭颱"
"茶壺裏的水","滾"
"布袋裏失火","燒包"
"八百年前立的旗杆","老光棍"
"床單作尿布","夠大方"
"從河南到湖南","難上加難！"
"《百傢姓》去掉趙","開口就是錢！"
"裁縫不帶尺","存心不良(量)"
"擦粉進棺材","死要麵子"
"蟬不叫蟬","知瞭"
"拔瞭塞子不淌水","死心眼"
"報幕員上場","調戲"
"斑馬的腦袋","頭頭是道"
"廚房裏的垃圾","雞毛蒜皮"
"醫生賣棺材","死活都要錢"
"抱著孩子推磨","添人不添力"
"爆竹店裏起火","自己賀自己"
"駱駝睡覺","兩頭不靠實(比喻事情兩頭都沒有著落)"
"駱駝蹄上挑刺","大題(蹄)(比喻把大事情當做小事情來處理。)"
"駱駝背火球","燒包(比喻取得一點成績得到什麼利益，就得意忘形，到處顯示，生怕彆人不知道)"
"駱駝進羊群","非常突齣"
"駱駝進羊群","高齣一大截"
"落地風扇轉動","不斷地搖頭"
"落在扈爪裏的小雞","嘴殼再硬也活不瞭"
"落雨擔稻草","越擔越重"
"落到麻雀窩裏的花鵲子","長不瞭(比喻暫時停留，很快就要離開。)"
"鑼筐盛石灰","處處留痕跡(比喻每個地方都留下瞭印記。)"
"羅鍋立正","直不瞭(比喻就那樣瞭，成不瞭材或比喻值不瞭多少餞。)"
"輪胎上的汽門芯","裏外受氣(比喻受夾闆子氣。)"
"輪船開往亞非拉","外航(行)"
"律師受賄","知法犯法"
"呂洞賓推掌","齣手不凡"
"呂布見貂蟬","迷上瞭"
"驢拉碾子牛耕田","各行其是(事)"
"驢子趕到磨道裏","不願轉也得轉(比喻不願意做的事也得去做。)"
"驢糞蛋","外麵光"
"驢頭不叫驢頭","長臉"
"驢子削瞭耳朵","假馬"
"驢子拉磨","任人擺布"
"驢子拉磨牛耕田","各走各的道"
"驢皮煮膠","慢慢熬"
"露水夫妻","好景不長"
"路口挖陷井","坑害人"
"路中間的螃蟹","橫行霸道"
"路上找不到問卦人","前途未蔔"
"路邊的鼓","挨打的貨"
"魯肅宴請關雲長","暗藏殺機"
"魯肅討荊州","空手而去，空手而迴"
"魯智深大鬧野豬林","粗中有細"
"鹵水點豆腐","一物降一物"
"婁阿鼠走路","賊頭賊腦"
"婁阿鼠的十五貫","偷來的"
"樓闆搭鋪","高低羨不多(比喻相差無幾)"
"籠子裏的八哥","隻會說不會於"
"聾子拜客","不聞不間(比喻不答理。或比喻毫不關心。)"
"聾子放炮","沒音響(比喻沒有聽到響動。)"
"聾子耳朵","配搭(比喻充當配角或陪襯。)"
"籠子裏的鳥兒","有翅難飛(比喻坐睏牢籠，無計可施)"
"龍船上裝大糞","臭名遠揚"
"龍頭不拉拉馬尾","用力不對路(比喻力氣或功夫沒用在，點子上。)"
"六月間的廟堂","鴉雀無聲"
"六月裏藉扇子","等著吧"
"六月裏的韭","臭死狗"
"六月的債","還得快"
"六十歲尿床","老毛病(比喻某種缺點、毛病改不瞭，容易犯)"
"六指兒搔癢","多這一道子(比喻做多餘的事情。)"
"六月裏穿皮襖","反常(比喻跟正常的情況不同。)"
"六月裏戴手套","保守(手)(比喻因循守日，不求進步)"
"六月的火爐","誰湊和你(比喻沒有人願意接近或親近)"
"劉邦烏江追項羽","趕盡殺絕"
"劉邦當皇帝","勝者為王"
"劉三姐對歌","隨口而齣"
"劉備三上臥龍崗","就請你這個諸葛亮(比喻請的就是你)"
"嶺頭上唱山歌","調子太高"
"林教頭發配滄州","一路風險"
"林衝誤人白虎堂","有口難辯"
"林衝誤人白虎堂","禍從天降"
"林衝誤人白虎堂","上當瞭"
"林黛玉進賈府","謹小慎微"
"拄著拐仗下煤窯","步步倒(搗)黴(煤)"
"掛著臘肉吃齋","難熬"
"林衝誤人白虎堂","上當受騙"
"林衝到瞭野豬林","絕處逢生"
"林衝棒捧打洪教頭","看破綻下手"
"林衝買寶刀","哪知是計"
"林黛玉葬花","自嘆命薄"
"林黛玉葬花","情悲意冷"
"林黛玉的性子","多愁善感"
"臨陣磨槍","不快也光(比喻事到臨頭纔做準備，雖起不到更大的作用，但也可以應付應付。)"
"臨時上轎馬撒尿","手忙腳亂"
"臨上轎找不到綉花鞋","心裏急"
"兩條腿的凳子","站不住腳(比喻理由不充分)"
"兩手進染缸","左也難(藍)，右也難(藍)(比喻左右為難。)"
"兩股道上跑的車","走的不是一條路"
"兩個臭雞蛋","一個味兒(比喻一個樣。)"
"兩塊錢買去個豬頭","便宜瞭他"
"兩個啞巴見麵","沒說的(比喻使人滿意，挑不齣什麼毛病。)"
"兩個啞巴打架","是非難分"
"兩個琵琶一個調","彈(談)到一塊去瞭(比喻想法一緻，心投意閤，話能說到一起)"
"兩塊錢買去個豬頭","便宜瞭他"
"兩條河裏的船","總碰不到一塊"
"兩人共傘","互相遮掩"
"兩個人舞龍","有頭有尾"
"兩種芝麻一鍋炒","黑白不分"
"兩隻耳朵","碰不到一塊兒"
"兩個叫化子拜堂","窮配"
"兩個七月半","鬧鬼又鬧鬼"
"兩個和尚打架","抓不到辮子"
"兩個瞎子作揖","誰見瞭"
"兩個啞巴親嘴","好得設法說"
"兩個啞巴吵嘴","不知誰是誰非"
"兩個醫生拾頭驢","沒治瞭"
"兩口子的帳","算不清"
"兩口子打架","不勸自瞭"
"兩口子迴門","成雙成對"
"糧倉裏的老鼠","有損無益"
"糧店裏的老鼠","有損無益"
"糧店兼賣時裝","有吃有穿"
"糧食裝在布袋裏","一個挨著一個(比喻數量很多，接連不斷。)"
"梁山好漢","重義氣"
"梁山上的晁蓋","一把手"
"梁山上的王倫","妒賢忌能"
"梁山好漢喝酒","大腕(碗)"
"梁上插針","粗中有細"
"梁山上的好漢","逼齣來的(比喻被迫做某件事。)"
"臉盆裏的泥鰍","看你滑到哪裏去(比喻溜不掉，跑不瞭)"
"利刃砍黃瓜","一刀兩斷(段)"
"鰱魚的鬍子","沒幾根(比喻底子不厚，沒有多少本領。有時錶示謙虛或客氣。有時錶示嘲諷。)"
"李自成進北京","好景不長"
"李逵扮新娘","裝不象"
"鯉魚的鬍子","沒幾根(比喻很少。)"
"鯉魚吞秤砣","鐵瞭心 (比喻下定決心。)"
"鯉魚跳龍門","身價百倍(比喻名聲、地位大大提高瞭。)"
"鯉魚跳龍門","碰碰時氣"
"離瞭王屠子","也不能帶毛吃豬(比喻沒有內行人，也難不倒誰。)"
"冷血動物","無情無義"
"冷水泡茶","無味(比喻沒有興趣，沒有意思。)"
"冷水澆進瞭熱油鍋","炸瞭鍋瞭"
"擂颱上見高低","全憑真本事"
"老虎欠債","討不迴來"
"老虎趕牛群","誌在必得"
"老牛走路","不慌不忙"
"老牛拉犁","有心無力"
"老牛拉車","埋頭苦乾"
"老鼠窩裏的食物","全是偷來的"
"老鼠爬橫竿","愛走極端"
"老鼠掉進糞坑裏","越鬧越臭"
"老鼠見貓","不敢吱聲"
"老鼠鑽進書堆裏","咬文嚼字"
"老中醫把脈","慢慢地摸"
"老會計撥算盤","精打細算"
"老艄公撐船","一竿子插到底"
"老漢娶親","力不從心"
"老方丈打拳","齣手不凡"
"老兩口埋在一個墳裏","死活一對(比喻死活也要在一起)"
"老兒子娶媳婦","大事完畢(比匕喻要辦的大事都結束瞭)"
"老鷹抓小雞","一個憂悉一個喜"
"老頭捅馬蜂窩","找轍，蜇"
"老太太蕩秒韆","玩命"
"老大太上雞窩","笨(奔)蛋(比喻不聰明)"
"老大太過年","一年不如一年(比喻一年比一年不景氣。)"
"老太大的嫁妝","古貨(比匕喻東西古老陳舊)"
"老太大的腳趾頭","窩囊一輩子(什匕喻受一輩子委屈。)"
"老太大的鞋","錢(前)緊"
"老太太打嗬欠","一望無涯(牙)"
"老太太住高摟","上下兩難(比喻兩方麵都不方便。或左右為難)"
"老太太搬傢","什麼都拿(比喻有的人好拿人傢的東西。或比喻十分吝嗇，什麼：一吠好的)"
"老太太坐飛機","抖起來瞭(比喻人有瞭錢或地位而得意萬分。)"
"老太太納鞋底","韆針(真)萬針(真)(比喻韆真萬確，確鑿無誤。)"
"老太太捋鬍子","假牽須(謙虛)比喻不誠實、虛僞)"
"老鼠留不得隔夜糧","好吃(比喻嘴饞手懶)"
"老鼠嫁女","小打小鬧"
"老鼠鑽進人堆裏","找死"
"老鼠鑽進瞭牛角","越往後越緊(比匕喻越來越不寬裕)"
"老鼠鑽風箱","兩頭受氣(比喻受多方麵的抱怨或責難。或兩頭不討好。)"
"老虎身上的虱子","誰敢惹(比喻爪牙、狗腿仗勢欺人，沒人敢問，比喻自找倒黴)"
"老虎拉車","下聽那一套(比喻不管彆人怎麼說，怎麼做，都置之不理。)"
"老虎的尾巴","摸不得(比喻不能觸犯)"
"老虎吃肉","親自下山(比喻親臨占氣場)"
"老和尚打兒子","沒有的事"
"老和尚盼媳婦","下一輩子的事(比喻白盼，不能實現。)"
"老和尚瞧嫁妝","下一輩子見吧(十匕喻眼下實現不瞭的事，短時間看不到)"
"老和尚撞鍾","過一日是一日(比喻胸無大誌，得過且過)"
"老和尚吹管子","不懂笛(的)"
"老鷂落在豬身上","光瞧見人傢黑，瞅不到自個兒黑(比喻隻看見彆人的缺點，看不到自己的毛病)"
"巧媳婦","難做無米之炊"
"可著頭做帽子","一點裕也沒有"
"可著頭做帽子","恰到好處"
"扔齣去的手榴彈","沒人敢要"
"扒瞭皮的癩蛤蟆","活著討厭，死的還嚇人"
"古董攤上的東西","盡賣高價"
"古董店裏的老鼠","碰不得"
"正月十五趕廟會","隨大流"
"正月初二拜丈母娘","正適時"
"甘庶地裏長草","荒唐(糖)"
"甘庶地裏栽蔥","比人傢矮一截"
"甘庶命","吃一節算一節"
"平地裏超墳堆","無中生有"
"辣椒麵吃進鼻眼裏","嗆人"
"辣椒身上長柿子","越紅越圓滑"
"雷聲大雨點小","有名無實"
"雷公打架","差天遠"
"雷公打芝麻","專揀小的欺"
"屬騾子的","空前絕後"
"屬馬蜂的","不好惹"
"屬阿鬥的","扶不起來"
"屬煙袋鍋的","頭熱乎"
"屬瘋狗的","見人就咬"
"屬麻花的","擰著勁幾"
"屬蟹的","肚裏有貨"
"屬貓頭鷹的","一夜裏歡"
"屬豬的","能吃能睡"
"屬兔子的","一蹦三尺高"
"屬芝麻的","不打不齣油"
"屬刺猥的","誰碰紮誰手"
"屬螞蟻的","見縫就鑽"
"屬猴兒的","見圈就鑽"
"屬鴨子的","嘴硬心熱"
"屬耗子的","齣門兒就忘"
"屬豬的","吃肉的貨"
"屬狗的","直腸子"
"屬老鼠的","能吃不能拿"
"屬狗的","老愛咬人"
"屬送子奶奶的","兩個臉"
"屬老鼠的","能吃不能拿"
"屬竹子的","心時虛"
"臘月裏生孩子","動(凍)手兒動(凍)腳兒的"
"臘月裏的蘿蔔","動(凍)瞭心"
"臘月搖扇子","反常"
"落雨天打麥","難收場"
"落雨無找棉花套","越背越重"
"籠裏的鴿子","放瞭還迴來"
"籠裏的鳥","有翅難飛"
"籠裏的鳥","隨你逗"
"籠裏的鸚哥","成天耍嘴"
"臉醜怪鏡歪","強詞奪理"
"臉上寫字","錶麵文章"
"臉盆裏的泥鰍","滑不到哪裏去"
"臉盆裏紮猛子","不知深淺"
"梁園雖好","不是久留之地"
"梁山上的好漢","逼齣來的"
"梁上吊死人","上不著天，下不著地"
"梁上君子","上不沾天，下不著地"
"蘿蔔掉進醃菜壇","泡著吧"
"蘿蔔大","在輩(背)上"
"蘿蔔上供","哄神"
"蘿蔔乾飩豆腐","沒點血色"
"聾子打貧","聽不清"
"聾子不怕雷","膽子大"
"聾子聽戲，瞎子觀燈","無所獲"
"聾子打鈴","充耳不問"
"聾子的耳朵","有也當無"
"聾子看戲","有也當無"
"聾子對話","各說各的"
"聾子間雷","在哪"
"聾子遇見啞巴","個不間，一個不聽"
"聾子聽蚊子叫","無多·元息"
"聾子打翻瞭啞巴的油","說不清楚"
"涼木待客","冷淡"
"涼水碗裏的一雙筷子","能勞齣什麼味道來"
"流水簿子做袍子","滿身都是帳"
"狼狗打架","兩頭害怕"
"狼藉獵娃","還不瞭"
"狼看羊羔","越看越少"
"狼吃鬼","沒影幾"
"狼窩裏蕎孩子","性命難保"
"狼行韆裏吃肉","本性難移"
"狼頭上括竹筍","裝羊(羊)"
"狼裝羊笑","居心不良"
"狼裝羊肥","不懷好意"
"狼頭上長角","裝樣(羊)"
"狸貓耳朵","太短"
"鈴銷敲鑼鼓","想(響)在一塊"
"駱駝進雞窩","沒門"
"駱駝上車","就剩一下樂兒瞭"
"駱駝的脖子仙鶴的腿","各有所長"
"駱駝看天","眼高"
"駱駝跳舞","不象樣子"
"駱駝摔個子","毀瞭俺(鞍)"
"駱駝打架","歇夠瞭再乾"
"駱駝打浚幾","翻不過身來"
"駱駝戴鳳鏡","傻瞭眼"
"理發師帶徒弟","從頭教起"
"綠時著火烤","非黃不可"
"綠皮南瓜","嫩著哩"
"路旁的車前子","壓不死"
"路邊撿私生子","非親非故"
"鑼齊鼓不齊","高潮不在點上"
"鑼鼓對著街上敲","叫人聽的"
"廉頗拜藺相如","負荊請罪"
"輾轉沒有軸","玩不轉"
"垃圾堆裏打氣","光進不齣"
"輪胎裏打氣","先進不齣"
"簾子臉兒","落下來瞭"
"爐裏的渣滓","有用的不多"
"老三錯瞭罵兄弟","怪事(四)"
"老虎頭上的蒼蠅","拍不得"
"老虎披蓑衣","終歸不是人"
"老綿羊攆狼","拼啦"
"老驢拉磨","瞎轉圈"
"老驢子打滾","翻不過身來"
"老頭兒的拐棍","早晚得扔"
"老墳頭裏的屍骨","空架子"
"老墳地裏種西瓜","隔門隔代有瓜葛"
"老鷂叮蚌麵","難脫身"
"老玉米裏攙白麵","粗中有細"
"老公雞戴眼鏡","官(冠)兒不大，架子不小"
"老公公背兒媳婦過河","吃力不討好"
"老貓守鼠洞","蹲著瞧"
"老貓犯罪狗戴枷","無辜受纍"
"老寡婦遇見老絕戶","孤的孤，苦的苦"
"老和尚剃頭","掃光"
"老和尚拜丈人","怪事"
"老和尚丟瞭棍","能說不能行"
"老和尚的帽子","平不拉塌的"
"老和尚的百鈉衣","東拼西湊"
"老母雞跟黃鼠狼結交","沒好下場"
"老母雞抱空窩","伏(孵)著吧"
"老母雞抱空窩","不簡單(不見蛋)"
"老母豬逛花園","找著挨揍"
"老母豬爬樓梯","高攀"
"老母豬吃鐵餅","好硬的嘴"
"老母豬跟牛打架","豁齣老臉來瞭"
"老母豬追兔子","上氣不按下氣"
"老母豬打架","光使嘴"
"老肥豬上屠場","挨刀的貨"
"老牛鑽狗洞","難通過"
"老牛追兔子","有勁使不上"
"老牛不怕狼咬","豁齣去"
"老牛死瞭","任人宰割"
"老牛走老路","照舊"
"老牛吃青草","兩邊掃"
"老子偷豬兒偷牛","一個更比一個凶"
"老子納妾兒姘居","一窩一不正經"
"老子坐班房","受人牽連"
"老子偷獵兒偷牛","一輩比一輩壞"
"老鼠扒屎盆","替狗忙"
"老鼠偷秤砣","倒貼(盜鐵)"
"老鼠管倉","越管越光"
"老鼠爬香爐","碰瞭一鼻灰"
"老鼠碰見貓","不敢想(響)"
"老鼠鑽進入堆裏","找死"
"老鼠背上生瘡","發不大"
"老鼠拖木鍁","大頭在後頭"
"老鼠掉進醋缸","一身酸氣"
"老鼠找大槍","窩裏逞能"
"老鼠進書房","咬文嚼字"
"老鼠進貓窩","白送禮"
"老鼠啃皮球","客(嗑)氣"
"老鼠吃貓飯","偷偷乾"
"老鼠進風箱","兩頭受氣"
"老鼠給大象指路","越走越窄"
"老鼠鑽油壺","有進無齣"
"老鼠給貓拜年","全體奉送"
"老鼠騎在貓身上","好大的膽子"
"老鼠咬貓","無法無天"
"老鼠跳到鋼琴上","亂談(彈)"
"老鼠響滿瞭三鬥六","惡貫滿盈"
"老鼠同貓睡","練膽子"
"老鼠打擺子","竄裏戰"
"老虎皮，兔子膽","色厲內荏"
"老虎進城","傢傢關門"
"老虎兜圈子","一迴就夠"
"老虎和豬生的","又惡又蠢"
"老虎嘴塞螞蚱","填不滿"
"老虎咧嘴笑","用心歹毒"
"老虎演戲","好看也彆看"
"老虎逛公園","誰敢攔"
"老虎的兒子","彆看他(它)小"
"老虎看小孩","有主的肉"
"老虎串門","稀客"
"老虎打架一","沒人勸"
"老虎打哈欠","口氣真大"
"老虎不嫌黃羊瘦","沾葷就行"
"老虎鬍子","誰敢模"
"老虎戴道士帽","假裝齣傢人"
"老進山神廟","老腐敗(虎拜)"
"老進山洞","顧前不顧後"
"老虎進棺材","嚇死人"
"老虎進棺材","嚇死人"
"老虎咬銃","兩敗具傷"
"老太太喝稀飯","無恥(齒)下流"
"老太太紮鞋底","韆真(針)萬真(針)"
"老太太不吃杏","酸心"
"老太太趕集","緊趕慢趕"
"老太太啃雞筋","難嚼難咽"
"老太太吃糖","越扯越長"
"老太太的包袱","鼓鼓囊囊"
"老太太吃豆腐","一物降一物"
"老太太吃豆腐","正好"
"老虎打架","勸不得"
"老太太吃炒蠶豆","咬牙切齒"
"老太太吃豆腐","不必擔心"
"老太大的牙齒","活的"
"浪子迴頭","金不換(比喻犯過大錯，吃過大苦頭，吸取教訓，能變為極有用的人。)"
"榔頭對錘子","狠對狠(比喻凶狠的遇到凶狠的。)"
"狼藉豬娃","還不瞭(比喻不去無迴)"
"狼吃狼","冷不防(比喻突然，沒有料到。)"
"濫竿充數","掛個空名(比喻沒有本領的人充作有本領的人，也常用來錶示自謙。)"
"爛膏藥貼在好肉上","自找麻煩(比喻自己給自己增加負擔J"
"爛魚開瞭膛","付壞心腸(比喻用心險惡。)"
"爛網打魚","一無所獲(比喻什麼也沒有得到。)"
"爛肉喂蒼蠅","投其所好(比喻迎閤人傢的愛好，逗引它上鈎。)"
"爛泥菩薩","全靠金貼(比喻錶麵很漂亮，內裏不怎麼樣)"
"爛泥土下窯","燒不成個東西(比喻不成材／"
"爛泥裏打樁子","越打越下(比喻不斷受打擊，受壓迫，越來越嚴重。)"
"爛木頭做大梁","不好用(比喻工作能力差不能重用。)"
"爛泥菩薩","樣子神氣"
"爛泥土下窯","燒不成個東西"
"爛泥路上拉車","越陷越深"
"爛泥馬捏神像","沒上好心腸"
"爛柿子上船","軟貨"
"爛柿屠落地","軟癱子"
"爛木頭刻章","不是這塊料"
"爛掃帚上市","分文不值"
"藍天上的雲彩","隨風飄"
"藍天上的白雲","自由自在"
"藍天上的氣球","輕飄飄的"
"懶婆娘的裹腳","又長又臭(比喻文章篇幅長，內容空洞。)"
"懶驢上磨","屎尿多(比喻懶惰的人一到乾正事，便尋找藉口逃避。)"
"癩蛤蟆帶娃娃","隻講個數"
"癩蛤蟆穿大紅袍","隻可遠看，不能近瞧(比喻仔細一瞧就露餡瞭。)"
"癩蛤蟆生蠍子","一窩更比一窩毒(比喻一代比一代陰險、歹毒j"
"癩蛤蟆跳到秤盤上","自稱自(比喻自己稱贊自己J"
"癩蛤蟆打吹欠","好大的口氣"
"癩蛤蟆吃骰子","一肚子點子"
"癩蛤蟆剝皮不閉眼","還想蹦達幾下(比喻還想作垂死掙紮。)"
"癩子的腦袋","不好提(剃)(比喻不好談或很難對付。)"
"臘鴨子煮到鍋裏頭","身子爛瞭，踴頭還硬(比喻身子受瞭苦，嘴上還是不肯說。)"
"臘月裏扇扇子","火氣太大(比喻脾氣十分暴躁。)"
"臘月裏遇上狼","冷不防(比喻意料外的。)"
"蠟燭的脾氣","不點不亮(比喻經過指，點纔明白。)"
"蠟颱上無油","空費芯心)"
"辣椒炒豆腐","外辣裏軟(比喻人外錶強硬而內心怯懦)"
"喇叭嘴上塞泥巴","吹不響"
"垃圾堆旁聊天","滿口髒話"
"垃圾堆裏的破鞋","沒人要的貨"
"垃圾堆裏的破鞋","一錢不值"
"垃圾堆裏的東西","廢物"
"垃圾堆裏的八駿圖","廢話(畫)"
"拉便糞嗑瓜子","進的少，齣的多(比喻入不抵齣。"
"拉屎拉到鞋跟兒裏","提不得(比喻沒法說起)"
"拉叫驢上市","冒充大牲口(比喻以小充大，以假充真。)"
"拉著何仙姑叫舅媽","五百年前是一傢(比喻故意套近乎。)"
"拉瞭弦的手榴彈","給誰誰不要(比喻沒人敢接受。)"
"拉肚子吃補藥","白費勁"
"拉石灰車遇到傾盆雨","心急火燎"
"拉琴的丟樂本","沒譜兒瞭"
"拉鬍子過河","謙(牽)虛(須)過度(渡)"
"拉磨的驢戴眼罩","瞎轉悠"
"拉駱駝放羊","高的高，低的低"
"亂麻團纏皂角樹","理不清"
"亂墳堆裏找人","都是死硬貨"
"擔著苦瓜樂本","沒譜兒瞭"
"擔心手臂比腿粗","多作"
"癩皮狗上轎","招搖撞騙"
"癩子的腦殼","沒法(發)"
"癩子剃頭","看貨"
"癲子當和尚","不費手續"
"癩蛤蟆敲大鼓","自吹自擂"
"癲蛤蟆爬香爐","碰一鼻子灰"
"癩蛤蟆請客","四眼相顧"
"癲蛤蟆上餐桌","盡遇到敗興"
"禿子頭上盤大辮","白忙"
"割草撿個大西瓜","賺大瞭"
"癩蛤蟆不長毛","天生這路種"
"癲蛤蟆上櫻桃樹","盡想高味"
"螺螄殼裏擺擂颱","踢打不開"
"懶人的鋪蓋","不理"
"懶婆娘的針綫筐","亂七八糟"
"懶大嫂趕場","中間不急兩頭忙"
"懶驢子駕轅","不打不走"
"丟下黃羊攆兔子","不知哪大哪小"
"兩個肩膀找張嘴","走到哪裏吃哪裏"
"五朵梅花開一朵","四肢(枝)無力"
"狗叼來的肉貓吃瞭","坐享其成"
"叫哈巴狗咬獅子","唆人上當"
"地洞裏藏著老鼠","見不得陽光"
"小偷的婆娘當妓女","男盜女娼"
"一籃雞蛋批地下","沒有一個好的"
"走過的路上不長草","太毒瞭"
"樹葉落下怕打破頭","膽小鬼"
"鳳凰跌到雞窩裏","落魄瞭"
"二八月裏的莊稼","青黃不接"
"沒有籠頭的馬駒子","不定性"
"火神爺找龍王爺","成心鬧彆扭"
"老虎吃兔子","一口吞"
"鼓搗財神爺的口袋","想發意外之財"
"三個妖魔戲白骨精","盡耍鬼把戲"
"踩著麻雀當蛇","大驚小怪"
"不倒翁騎兔子","沒有穩當勁"
"不吃羊肉羊膻臭","自背臭名"
"玻璃耗子琉璃貓","一毛不拔"
"不吃桑葉的老蠶","盡是私(絲)"
"跛腳馬碰到瞎眼騾","難兄難弟"
"婊子掛起貞節牌","假裝正經"
"逼公雞下蛋","故意刁難，辦不到"
"半空中點燈","高明"
"闆門上貼門神","一個嚮東，一個嚮西"
"背著糞簍滿街竄","找死(屎)"
"包公審案子","鐵麵無私"
"保險櫃裏安雷管","暗藏殺機"
"牆上畫老虎","吃不瞭人"
"牆上畫螞蚱","蹦達不起來"
"牆上畫貓","一隻眼"
"牆上掛棋盤","一個子兒留不住"
"牆上掛的王八","上不著天"
"牆上掛的美人","你愛她，她不愛你"
"牆上蘆葦","頭重腳輕根底淺"
"敲小鑼的","裝腔作勢"
"敲鍾不念經","混飯吃"
"蕎麥開花","白啦"
"蕎麥去瞭皮","單人(仁)"
"蕎麥皮上船","不識(是貨)"
"巧他爹打巧他娘","巧上加巧"
"秦檜奏本","進饞言"
"秦瓊賣刀","腰裏無錢"
"秦瓊拜乾爹","認錯瞭人"
"青石闆上釘釘子","硬鑽"
"青石闆上灑石灰","一清(青)二白"
"青蛙跳門檻","又蹲屁股又傷臉"
"青蛙笑蝌蚪","忘瞭自己從哪裏來的"
"清明節上墳","哄鬼"
"清水拌鐵砂","閤不到一塊"
"清水不同濁水去","好壞分開"
"晴天打雷","不妨(防)"
"鞦後的絲瓜","肚子私(絲)"
"鞦後的扇子","無人過問"
"鞦天的菊花","經得起風霜"
"鞦天的露水","早晨的事"
"鞦天的鯉魚","可肥瞭"
"娶得媳婦嫁不得女","有進無齣"
"娶媳婦的穿孝服","紅白喜事"
"娶媳婦嫁女","雙喜臨門"
"瘸腿鴨子","上不瞭架"
"鐵打的饅頭","啃不動"
"五月的麥子","黃瞭；一天變個樣"
"秦始皇修長城","韆古奇跡；功過後人評"
"青桐木做扁擔","硬杠子"
"青皮橄欖","先苦後甜"
"青石闆上抹油","滑得很"
"青石上釘釘子","硬鑽"
"青蛙跳塘","不懂(撲通)"
"清晨的太陽","滿紅火"
"清官斷案子","認理不認親"
"清水衙門","無懈可擊；一塵不染"
"蜻蜓撞著蜘蛛網","有翅難飛"
"蜻蜓飛進蜘蛛網","命難逃"
"蜻蜓撼樹","紋絲不動"
"晴天帶傘","有備無患"
"晴天下大雪","明明白白；明白"
"窮木匠開張","隻有一句(鋸)"
"窮人的日子","難熬"
"鞦天的蛤蟆","沒幾天叫頭"
"鞦後望田頭","找岔(茬)"
"鞦天的花椒","黑心；黑瞭心"
"鞦天的柿子","自來紅"
"蚯蚓釣鯉魚","以小引大"
"蚯蚓上牆","腰杆子不硬"
"娶媳婦穿孝衫","十裏鄉情不一般"
"泉水坑裏扔石頭","一眼看到底"
"拳頭打跳蚤","吃虧是自己；自己吃虧；白費功"
"犬守夜，雞司晨","各盡其能"
"缺嘴少耳朵","又聾又啞"
"瘸腿驢攆馬","越追越遠"
"瘸驢的屁股","邪(斜)門"
"瘸青蛙遇著瞎蛤蟆","難兄難弟"
"瘸子穿花鞋","走著瞧"
"瘸子當差役","用人不當"
"瘸子跌斷腿","一蹶不振"
"瘸子爬山","步步難；走險；東倒西歪"
"七尺而攔腰剪","不三不四"
"七總管死瞭","六神無主"
"騎驢瞧帳本","走著看"
"乞兒籃裏搶冷飯","不近人情"
"汽車爬大樹","瞎來"
"汽車撞輪船","難得一迴"
"韆層底做腮幫","臉皮厚"
"韆裏馬拉犁","大材小用"
"韆人同船","共一條命"
"牽牛走紙橋","過不去"
"錢在手邊，食在嘴邊","難留"
"牆角開口","邪(斜)門"
"牆頭草","順風倒"
"牆上的山水畫","麵上好看"
"牆上畫老虎","吃不瞭人"
"挨瞭霜的狗尾巴草","蔫瞭"
"挨著火爐吃海椒","裏外發燒"
"矮梯子上高房","搭上不言(簷)"
"矮子穿高跟鞋","高也有限"
"矮子打狼","光喊不上"
"矮子放風箏","節節高；節節上升"
"矮子放屁","低聲下氣"
"矮子觀光","隨聲附和"
"矮子過河","安(淹)心"
"矮子看戲","聽聲"
"矮子裏麵拔將軍","將就材料；短中取長"
"矮子爬樓梯","巴不得(迫切盼望)"
"矮子婆娘","見識低"
"矮子想登天","不知天高地厚；妄想；癡心妄想"
"愛打官司逞英雄","窮鬥氣"
"庵堂裏的木魚","任人敲打"
"鵪鶉要吃樹上果","夠不著；盡想好事；想得倒美"
"岸上看人溺水","見死不救"
"岸上撈月","白費功夫；白費勁"
"按彆人的腳碼買鞋","生搬硬套"
"按彩球的乞丐","高興得發傻"
"按雞頭啄米","白費心機"
"按方抓藥","照辦"
"按牛頭喝水","辦不到；沒法辦"
"按下葫蘆起瞭瓢","顧瞭這頭丟那頭；此起彼落"
"案闆頂門","管得寬"
"案闆上的擀麵杖","光棍一條"
"案闆上的肉","任人宰割；隨人宰割"
"案闆上的魚","挨刀的貨"
"暗地裏盯梢","偷偷摸摸"
"偶像麵前磕頭","畢恭畢敬"
"漚爛的花生","不是好人(仁)"
"剖腹藏珍珠","愛財不愛命"
"剖腹獻肝膽","死盡忠心(比喻為國為民一片忠心)"
"剖魚得珠","喜齣望外(比喻意想不到的高興)"
"跑瞭羊修圈","防備後來(比喻在事情失敗之後，想辦法去補救)"
"袍子改汗衫","有餘"
"跑著養豬","看在錢份上"
"平光鏡","八麵光"
"平地裏起墳堆","無中生有"
"泡軟瞭的豆子","不乾脆"
"泡泡糖粘住糯米飯","扯也扯不開"
"泡透的土牆","不久長"
"噴火器的脾氣","開口就發火"
"瓶子裏的蒼蠅","沒有齣路"
"瓶口封蠟","滴水不漏"
"捧著金碗當乞丐","高興的發傻"
"排骨燒豆腐","有硬有軟"
"婆婆嘴吃西瓜","滴水不漏"
"婆婆一個說瞭算","沒公理"
"爬上馬背想飛天","好高鶩遠"
"盼望齣太陽的姑娘","熱情(晴)人"
"爬竿比賽","看誰上的快"
"爬樓梯跌跤","爬得越高摔得越重"
"爬山虎的本領","自己結"
"拍馬屁拍到馬嘴上","會咬一口"
"拍拍屁股就走","不管瞭"
"排筆給畫","綫條太粗"
"排隊梳辮子","一個一個來"
"牌樓下躲雨","暫避一時"
"潘金蓮給武鬆敬酒","不懷好意"
"潘金蓮敬酒","醜話說在前"
"盆子裏擺雞蛋","不數的幾個"
"盤山公路上開車","要善於轉彎"
"判官辦案","嚇死人"
"判官演魔術","盡耍鬼把戲"
"胖子穿小褂","不閤身"
"胖婆娘過窄門","門當(擋)戶對"
"盆子裏擺山水","假景"
"拋球招親","未必如意"
"捧著金碗要飯吃","裝窮叫苦"
"捧著金碗當乞丐","何必求人"
"膨脹的皮球","一肚子氣"
"披蓑衣救人","惹火(禍)上身"
"披麻救火","自討苦吃"
"皮鞋打蠟","一時光"
"騙子賭錢","耍手腕"
"貧血病人","臉上無光"
"潑婦搽粉","隻圖臉上好看"
"葡萄架下乘涼","舒適舒適"
"普希金的情詩","充滿愛心"
"普希金與情詩","做一行愛一行"
"砒霜拌薑汁","毒辣"
"拼死吃河豚","一命搏一命"
"破錶","沒準兒"
"剖腹獻肝膽","死盡忠心"
"剖魚得珠","喜齣望外"
"葡萄汁充花露水","不是那塊料"
"砒霜裏浸辣椒","毒辣透頂"
"爬上塔頂吹笛子","高調"
"怕死碰見鬼子兵","在劫難逃"
"拍馬屁拍到馬嘴上","倒咬一口"
"拍一下腦殼腳底動","靈透瞭"
"拍照片不上捲","沒影子"
"潘金蓮熬藥","暗中放毒"
"潘仁美掛帥","奸臣當道"
"盤子裏生豆芽","根底淺"
"判官的肚腹","鬼心腸"
"判官拍照","鬼樣子；鬼相"
"判官敲門","催命鬼"
"盼月亮從西齣","沒指望"
"螃蟹過門檻","七手八腳"
"螃蟹進油鍋","橫行到頭瞭"
"螃蟹爬到路上","橫行霸道"
"螃蟹上樹","巴不得"
"胖子排橫隊","齊頭並進"
"跑瞭耗子捉狐狸","一個比一個刁"
"跑馬吃烤鴨","這把骨頭不知往哪扔"
"捧著泥鰍玩","耍滑頭"
"披虎皮上山","嚇唬人"
"砒霜拌大蔥","又毒又辣；毒辣"
"琵琶斷瞭弦","談(彈)崩瞭"
"皮匠不帶錐子","真(針)好"
"皮褲套棉褲","必定有緣故"
"皮球裂口","泄氣"
"皮球上戳眼眼","癟瞭"
"皮鞋打蠟","一時光"
"屁股底下長刺","坐不穩；坐不住"
"屁股上安拉鎖","開後門"
"屁股上掃帚","好偉(尾)大"
"屁股上拴石頭","纍贅"
"屁股上捅一刀","背後整人"
"騙子碰到騙子","爾虞我詐"
"瓶子裏的蒼蠅","無齣路；沒有齣路"
"平地搭梯子","無依無靠"
"婆婆穿花襖","老來俏"
"破風箏","抖不起來；不見起"
"破釜沉舟","隻進不退"
"破罐子破摔","自暴自棄；豁齣去瞭"
"破帽子","露頭"
"破棉襖","裏外孬；裏外都不好"
"破廟裏的菩薩","東倒西歪"
"破土的春筍","拔尖"
"破襪子補帽沿","一步(布)登天"
"破鞋幫","露底"
"破蒸籠蒸饅頭","渾身是氣；氣不打一處來"
"蒲扇打鑼","麵麵俱到"
"菩薩挨偷","失神"
"菩薩掃地","勞神"
"菩薩頭上冒煙","好神氣"
"爬山冠軍","捷足先登"
"爬上塔頂吹口琴","高調"
"潘傢灣的鑼鼓","各打各的"
"潘人美領兵","苦瞭楊傢將"
"盤古王搖撥郎鼓","老天真"
"判官的女兒","鬼丫頭"
"判官要飯","窮鬼"
"螃蟹齣洞","橫行"
"螃蟹的眼裏","一切都是橫的"
"螃蟹教子","不走正道"
"螃蟹拿頂","耍傢(夾)"
"盆裏的洋蔥","裝蒜"
"盆子裏擺山木","假景"
"捧著金飯碗做乞丐","何必求人"
"碰到南牆不迴頭","倔強"
"披麻救火","惹火燒身"
"披西裝穿草鞋","假洋鬼子"
"披著麻袋進竹林","東拉西扯"
"披著破被子上朝","窮盡忠"
"砒霜水加生薑水","又毒又辣"
"皮影錶演","順著人傢的綫跑"
"屁股後頭作揖","瞎盡情"
"屁股上掛糞筐","等死(屎)"
"屁股上畫眉毛","好大的麵子"
"屁股底上安彈簧","一蹦老高"
"腦袋瓜兒長禿瘡","不是好剃的頭；刺兒頭"
"腦袋上戴犁頭","又奸(尖)又猾(滑)"
"腦袋上點燈","頭名(明)"
"腦袋陷進泥塘裏","糊塗到頂瞭"
"腦瓜頂上開口","講天話"
"腦漿子撒地","一塌糊塗"
"腦殼頂扁擔","頭挑"
"腦殼上頂鍋","亂扣帽子"
"腦門上戴眼鏡","眼高"
"腦門上放鞭炮","大難臨頭；災禍臨頭；驚心動魄"
"腦門上掛燈籠","唯我高明"
"腦門上貼郵票","走人瞭"
"腦門上長眼睛","眼朝上；眼嚮上看"
"腦門生癤子","額外負擔"
"嫩竹扁擔挑瓦罐","擔風險"
"嫩竹拱土","冒尖"
"尼姑的木梳","多餘"
"尼姑頭上插花","無法(發)；沒法(發)"
"泥地上跑馬","一步一個腳印"
"泥溝裏撥船","乾吃力"
"泥馬過河","自身難保"
"泥捏的勇士","上不瞭陣勢"
"泥菩薩掉在湯鍋裏","渾身酥軟"
"泥菩薩鍍金","錶麵一層"
"泥菩薩抹香粉","裝相"
"泥鰍過魚網","無孔不入"
"泥鰍喝瞭石灰水","死硬"
"泥人的臉","麵如土色"
"泥人入海","有去無迴"
"泥塞筆管","一竅不通"
"泥水匠的瓦刀","光圖錶麵"
"泥娃娃的腦殼","七竅不通"
"泥瓦匠不砌牆","專(磚)等"
"逆風放火","惹火燒身；引火燒身"
"逆水駕木筏子","不進則退"
"年過花甲得子","老來喜"
"年畫上的春牛","離(犁)不得"
"年三十夜撥算盤","滿打滿算"
"攆狗進巷","必有一傷"
"念九九錶","說話算數"
"尿盆裏炒雞蛋","不對味兒；不是味兒"
"牛背上翻跟頭","有點硬功夫"
"牛犢子叫街","懵(門)瞭"
"牛犢子上套","挨鞭子的日子到瞭"
"牛骨頭煮膠","難熬"
"牛角對菱角","一對奸(尖)"
"牛拉磨子","走不齣圈套"
"牛郎會織女","喜相逢"
"牛毛上解鋸","刻薄"
"牛魔王的兵","韆奇百怪"
"牛皮飯碗","打不破"
"牛牽鼻子馬抓鬃","抓住瞭關鍵"
"牛身上的毛","數不清"
"牛頭不對馬嘴","鬍拉亂扯"
"牛羊的肚腹","草包"
"農人說榖，屠夫說豬","乾一行，愛一行"
"女孩子打架","抓小辮子"
"女人的手腕","沒多大勁"
"女婿認不得丈人","有眼不識泰山"
"暖水瓶爆裂","喪膽"
"暖水瓶的塞子","賭(堵)氣"
"暖水瓶裏裝開水","外冷裏熱"
"拿烏龜當鍋蓋","握不住"
"拿腦袋撞牆","頭破血流"
"拿得手，抓得髻","證據確鑿"
"拿住刀把子","有瞭把柄"
"拿著鳳凰當雞賣","貴賤不分"
"拿著疆繩當汗毛揪","說得輕巧"
"拿著兔子當耗牛使","亂套"
"南風天石頭齣汗","迴潮瞭"
"南瓜藤爬電杆","高攀"
"南郭先生吹竹笙","濫竽充數"
"南來的燕，北來的風","擋不住"
"南山的豹，北山的蛟","狠的狠，凶的凶"
"南天門上掛燈籠","照遠不照近"
"南天門上捅窟窿","塌天大禍"
"腦袋不夠四兩重","輕浮"
"腦殼上頂門闆","好大的脾氣"
"腦門上開口","對天講話"
"哪吒戰小龍","抽你的筋，剝你的皮"
"泥巴捏的小人","沒骨氣"
"泥菩薩洗臉","失(濕)麵子"
"泥人經不起雨打","本質太差"
"泥神笑菩薩","你也好不瞭多少"
"逆風點火","自焚"
"粘豆粥糊鍋","難産(鏟)"
"粘米煮山芋","糊糊塗塗"
"碾盤對碾盤","實打實"
"牛鼻子穿環","讓人牽著走"
"牛吃稻草鴨吃榖","各人福氣不同"
"牛吃破草帽","滿肚子的壞圈圈"
"牛犢子拉犁剛上套","沒經驗"
"牛角堵在嘴巴上","不吹也得吹"
"牛角尖對牛角尖","對奸(尖)"
"牛皮鼓","聲大肚子空"
"牛身上爬螞蟻","不顯眼"
"牛蹄子上供","就顯你腳(角)大"
"牛眼看人","大個兒"
"撓火棍量白布","抹黑"
"老牛拉碾","原地打轉"
"老牛拉稀屎","連接不斷"
"老牛上鼻繩","沒跑；跑不瞭"
"老牛頭進湯鍋","難熬"
"老婆婆吃臘肉","扯皮"
"老婆婆趕廟會","眼花繚亂"
"老婆婆燒香","心誠；一片誠心"
"老少爺們過馬路","扶老攜幼"
"老壽星的腦袋","寶貝疙瘩"
"老鼠鼻子","大不瞭"
"老鼠掉進麵缸裏","翻白眼"
"老鼠跌壇子","有進無齣"
"老鼠逗貓","沒事找事"
"老鼠過街","人人喊打"
"老鼠見瞭貓","嚇破瞭膽"
"老鼠進棺材","咬死人"
"老鼠看倉","越看越光"
"老鼠扛大槍","窩裏逞能"
"老鼠啃擀麵杖","白費牙"
"老鼠啃石頭","白費牙"
"老鼠拉駱駝","野心勃勃；野心太大"
"老鼠爬旗杆","到頂瞭"
"老鼠碰上貓","在劫難逃"
"穆桂英大破天門陣","陣陣少不下"
"兔子當牛使","亂套瞭"
"萬丈懸崖上的鮮桃","沒人睬(采)；沒人嘗過"
"濛著眼睛賣布","鬍扯"
"麻布補西裝","土洋結閤"
"麻布手中綉牡丹","配不上；不配"
"麻布鞋上鑲綢子","不成體統"
"麻袋廠遭火災","燒包"
"麻袋裏裝麥秸","草包"
"麻袋做龍袍","不是這塊料"
"麻姑娘搽雪花膏","觀點模糊"
"麻秸抵門","經不起推敲；難撐"
"麻秸做笛子","吹不得；彆吹瞭"
"麻婆照鏡子","自找難看；個人觀點"
"麻雀的肚腹","小心眼；心眼狹小"
"麻雀掉到洞庭湖裏","不著邊際"
"麻雀掉到麵缸裏","糊嘴"
"麻雀剁瞭身子","光剩嘴"
"麻雀喝醉酒","騰雲駕霧"
"麻雀落糠堆","白歡喜；空歡喜；空喜一場"
"麻雀落在房梁上","架子不小；好大的架子"
"麻雀入籠","飛不瞭"
"麻雀頭包餃子","盡是嘴"
"麻雀洗澡","團團轉"
"麻雀啄雞子兒","搗蛋"
"麻蛇鑽刺裸","有去無迴"
"麻繩穿針","鑽不進"
"麻繩打毛衣","亂聯係；亂牽扯"
"麻綫搓繩","閤在一起乾"
"麻鞋著水","步步緊；越來越緊"
"麻油炒豆腐","不惜代價"
"馬鞭打牛","忘本"
"馬槽邊上的蒼蠅","混飯吃"
"馬車滾進泥水溝","拉不轉"
"馬車過沼澤地","此路不通"
"馬蹬子釘掌","空前絕後"
"馬蜂的屁股","碰不得；摸不得"
"馬蜂叮屁股","痛不可言"
"馬蜂過河","歹(帶)毒"
"馬褂改棉襖","老一套"
"馬駒子拉磨","不順手"
"馬拉車牛駕轅","不閤套"
"馬路上的傳單","白給"
"馬路上跑火車","不閤轍"
"馬路新聞","道聽途說"
"馬屁股上掛蒲扇","拍馬屁"
"馬群裏的駱駝","突齣"
"馬勺當鑼打","窮得叮當響"
"馬勺掏耳朵","不深入；深不下去"
"馬食槽不許驢插嘴","獨吞"
"馬蹄長瘤子","無關痛癢；不痛不癢"
"馬跳水浪","奔波"
"馬桶裏倒香水","香臭不分；香臭難分"
"馬桶上插花","隻圖錶麵好看"
"馬王爺","不管驢事"
"馬尾穿蘿蔔","粗中有細"
"馬尾拴菜團子","沒法提；提不得；提不起來"
"馬尾拴雞蛋","難纏"
"馬戲團的小醜","走過場"
"馬抓癢","全憑一張嘴；全仗嘴"
"碼頭工人扛麻包","難迴頭；迴頭難"
"碼子前麵添零","不算數"
"螞蛉長毛","天下奇聞；無奇不有"
"螞蟥變的","軟骨頭"
"螞蟥叭在牛尾上","甩不掉；甩不脫"
"螞蟻搬秤砣","白費功夫；白費勁；枉費工"
"螞蟻搬石磨","自不量力；不自量"
"螞蟻打群架","自相殘殺"
"螞蟻打食","三五成群"
"螞蟻的腿","閑不住"
"螞蟻的嘴","吃裏爬外"
"螞蟻扛大樹","自不量力；不自量"
"螞蟻啃象鼻","不識大體"
"螞蟻啃旗杆","吃不消；攻不倒"
"螞蟻爬皮球","無邊無"
"螞蟻身上砍一刀","渾身是傷"
"螞蟻生瘡","小毛病"
"螞蟻抬食","步調一緻"
"螞蟻抬土","一窩蜂"
"螞蟻馱秤砣","好大的口氣"
"螞蟻緣槐誇大國","小見識"
"罵瞭皇帝祖先","不忠不孝"
"螞蚱背秤碗","吃不住勁"
"螞蚱打食(找食)","緊顧嘴"
"螞蚱飛到藥罐時","自討苦吃；自找苦吃"
"螞蚱配蝗蟲","門當戶對"
"螞蚱看莊稼","越看越光"
"螞蚱頭擺碟子","盡是嘴"
"螞蚱馱磚頭","招架不住"
"埋好的地雷","一觸即發"
"買個喇叭不透氣","實心眼"
"買瞭麻花不吃","要的就是這個勁兒"
"買帽子揣到懷裏","不對頭"
"買石頭砸鍋","自尋倒竈"
"麥場上掛馬燈","照常(場)"
"麥稈裏睡覺","細人"
"麥秸稈裏看人","小瞧"
"麥秸稈枕頭","草包"
"麥槺搓繩","接不下茬"
"麥剋風前吹喇叭","裏外響"
"麥剋風前拉二鬍","弦外之音；弦外有音"
"麥田裏種棉花","一舉兩得"
"麥田捉田雞","手到擒來"
"賣不齣去的狐狸皮","騷貨"
"賣豆芽的不帶秤","亂抓"
"賣棺材的跺腳","恨人不死"
"賣花生的不用秤","估準"
"賣雞子兒的換筐籃","搗(倒)蛋"
"賣餃子的磨麥粉","提前做準備"
"賣餃子的磨麥粉","彆開生麵"
"賣瞭麥子買蒸籠","不蒸饅頭爭(蒸)口氣"
"賣帽子的喊賣鞋","頭上一句，腳下一句"
"賣煤的跟個狗","淨吃閑飯"
"賣盆的摔跤","亂瞭套；亂套瞭"
"賣沙鍋的摔跤","砸鍋"
"賣湯圓的跌跟頭","傾傢蕩産"
"賣蝦米不拿秤","抓瞎(蝦)"
"賣藝的練拳腳","連踢帶打"
"賣油的不打鹽","不管閑(鹹)事"
"賣油的敲鍋蓋","好大的牌子"
"饅頭做枕頭","不愁吃"
"滿地竹子","根連著根"
"滿街掛燈籠","光明大道"
"滿口鑲金牙","嘴裏漂亮"
"老鼠抬轎子","擔當不起"
"老鼠跳火坑","毛乾爪淨"
"老鼠偷餃子","一個個來"
"老鼠偷芝麻","吃香"
"老鼠挖牆洞","越掏越空"
"老鼠尾巴生瘡","小毛病"
"老鼠咬斷飯籃繩","白辛苦"
"老鼠咬旗杆","吃不倒"
"老鼠咬石柱","攻不倒"
"老鼠咬象鼻","不識大體"
"老鼠咬竈君","欺神滅相"
"老水牛拉馬車","不閤套"
"老太婆吃炒麵","悶瞭口"
"老太婆吃黃連","苦口婆心"
"老太婆改嫁","事齣有因"
"老太婆納鞋底","韆真(針)萬真(針)"
"老太太補衣服","東拼西湊"
"老太太吃海蜇","搬嘴弄舌"
"老太太吃排骨","難啃；啃不動"
"老太太吃桃子","專揀軟的捏"
"老太太的拐棍","專扶人"
"老太太的鞋","前緊後鬆"
"老太太的嘴","吃軟不吃硬"
"老太太啃骨頭","軟磨硬頂"
"老太太扭秧歌","笨手笨腳"
"老太太上颱階","一步步來"
"老太太燒香","誠心誠意"
"老太太想生子","沒指望"
"老太太站崗","立場不穩"
"老太太走獨木橋","難過"
"老太太坐電梯","一步到頂"
"老套子捲珍珠","內中有寶"
"老頭的帽子","一把抓"
"老頭牽瘦驢","顧(雇)不得"
"老頭子聯歡","非同兒戲"
"老頭子做棺材","壽限快到瞭"
"老王賣瓜","自賣自誇"
"老鴉高歌","不成調"
"老爺傢裏當差的","低三下四"
"老鷹變成夜貓子","一輩不如一輩；一代不如一代"
"老鷹叨大象","自不量力；不自量"
"老鷹捕雞毛撣","一場空"
"老鷹捕食","見機(雞)行事"
"老鷹追兔子","一個天上，一個地下"
"老鷹捉麻雀","一抓就來"
"老子納妾兒嫖娼","一窩不正經"
"老子入團兒入黨","一代比一代強；一輩強似一輩"
"老子偷雞兒摸狗","一輩更比一輩壞"
"勒緊褲帶拉二鬍","窮作樂；窮快活"
"勒緊腰帶數日月","難過"
"雷打芝麻","專揀小的欺"
"雷鋒事跡","名揚四方；到處傳揚"
"雷鋒送大嫂上車","助人為樂"
"雷公動怒","不同凡響；驚天動地"
"雷公劈螞蟻","大的欺負小的；氣勢洶洶"
"雷婆找龍王談心","天涯海角覓知音"
"雷聲大，雨點小","有名無實"
"擂槌吹火","一竅不通"
"肋條換豬爪","不上算；不閤算"
"冷鍋貼餅子","溜啦"
"冷庫裏的五髒","心腸硬"
"冷水發麵","沒勁"
"冷水澆頭","涼瞭半截"
"冷水梳頭","一時光"
"麻子照相","臉上不好看"
"木頭人過河","摸不著底(比喻摸不著底細)"
"木闆闆釘釘","說一句是一句(比喻說話算數)"
"木匠拉大鋸","有來有去(比喻彼此間互有來往)"
"木匠刨木料","有尺寸(比喻做事有分寸)"
"木匠推刨子","直來直去(比喻為人直爽，說話不拐彎抹角)"
"木偶下海","不著底(比喻工作不深入實際)"
"木偶錶演","隨著人傢的指頭轉"
"螞蝗見血","叮(盯)住不放(比喻集中視力看)"
"螞蟻擋道兒","顛不翻車(比喻無關大局)"
"螞蟻搬傢","不是風，就是雨(比喻事先有瞭預兆)"
"賣瞭犬褂買褲衩","短得見不瞭人"
"賣豆腐的扛馬腳","生意不大架子大(比喻本事不大，架子卻不小)"
"賣水的看大河","盡是錢(比喻腦袋裏想的是錢，眼睛看的是錢，一切為瞭錢)"
"貓不吃魚","假斯文"
"貓兒抓老鼠","祖傳手藝"
"貓鑽狗洞","容易通過"
"貓頭鷹唱歌","怪聲怪調"
"馬大哈當會計","全是糊塗帳"
"馬路不叫馬路","公道(①比喻公正。②公平、閤理)"
"馬蜂蜇禿子","沒遮沒蓋(比喻沒有可掩飾的瞭)"
"沒吃三兩煎豆腐","稱什麼老齋公"
"棉花裏藏針","軟中有硬(比喻軟的手段和硬的手段都有)"
"盲人買喇叭","瞎吹"
"母豬的耳朵","軟的(比喻容易被感動或動搖)"
"母豬毀牆根","亂拱(比喻亂說，搬弄是非)"
"母豬撬瓜藤","亂拱"
"門檻下的磚頭","踢進踢齣(比喻誰也不願意要，推來推去)"
"門框脫坯子","大模大樣"
"廟裏的和尚撞鍾","鳴(名)聲在外"
"廟裏的豬頭","各有主(比喻都已為人所有，沒有多餘)"
"廟門前的石獅子","一對兒(比喻兩個人關係密切)"
"茅廁裏啃香瓜","不對味兒"
"茅坑裏的石頭","又臭又硬(比喻名聲不好，態度頑固)"
"茅坑裏丟炸彈","激起公憤(糞)"
"茅坑裏安電扇","齣臭風頭"
"茅坑裏放玫瑰花","顯不齣香味"
"茅廁闆做祖牌","不是正經材料"
"夢裏吃蜜","想得甜"
"夢裏的飛機","想頭不低"
"無根的水草","漂浮不定"
"無根的浮萍","成不瞭棟梁之材"
"無底洞","深不可測"
"無底洞裏灌水","再多也填不滿"
"無目的放禮炮","亂轟轟"
"無病吃藥","自討苦吃"
"無眼蒼蠅","瞎碰"
"毛驢碰門","來的不是人"
"毛驢拉磨","跑不齣這圈兒"
"磨上睡覺","轉嚮瞭"
"磨道裏的驢","轉圈子"
"美食傢聊天","講吃不講穿"
"黴蛇的牙齒馬蜂針","最毒"
"墨裏藏針","難找尋"
"墨魚肚腸河豚肝","又黑又毒"
"茉莉花喂駱駝","那得多少"
"姐妹貼對聯","不分上下"
"梅香拜把子","都是奴纔"
"麻袋片上綉花","一代(袋)不如一代"
"猛火烤燒餅","不齣好貨"
"饅頭裏包豆渣","人傢不誇自己誇"
"麻子管事","點子多"
"麻子敲門","坑人到傢瞭"
"麻布袋綉花","底子太差"
"麻稈搭橋","擔當不起"
"麻稈搭橋","難過"
"麻雀雖小","五髒俱全"
"馬勺碰鍋沿","常有的事"
"埋下的地雷","一觸即發"
"買迴彩電帶迴發票","有根有據"
"買鹹魚放生","盡做冤枉事"
"買盒還珠","常有的事"
"買瞭麥子習籠屜","不蒸饅頭蒸(爭)口氣"
"滿口黃連","說不完的苦"
"滿口金牙","開口就是謊(黃)"
"滿身沾油的老鼠往火裏鑽","哪還有它好過的"
"盲公戴眼鏡","裝樣子的"
"貓兒捉老鼠狗看門","各守本分"
"帽沒兒做鞋墊兒","一貶到底"
"梅蘭芳唱霸王彆姬","拿手好戲"
"濛在鼓裏聽打雷","弄不清東南西北"
"孟薑女拉著劉海兒","有哭有笑"
"孟獲歸降","口服心服"
"孟薑女尋夫","不遠韆裏"
"彌勒佛","笑口常開"
"摸著石頭過河","穩當些"
"摩天嶺上放哨","站的高看的遠"
"摩天嶺上放哨","高瞻遠矚"
"摩天嶺上放焰火","天花亂墜"
"魔術師錶演","變得真快"
"魔術師錶演","說變就變"
"魔術師的手法","無中生有"
"茅坑裏的磚頭","又臭又硬"
"麵壁拉大便","發奮圖強(牆)"
"茅坑扔炸彈","激起民憤(糞)"
"十天不拉屎","堅持不懈(瀉)"
"雷公喝酒","鬍批(劈)"
"冷水宰雞","一毛不拔"
"冷水調米粉","不沾(粘)"
"離瞭水晶宮的龍","寸步難行"
"離群的羊羔","孤孤單單"
"犁地淹死牛","傷(墒)透瞭"
"黎明的覺，半道的妻，羊肉餃子清燉雞","難得的"
"狸貓換太子","以假冒真"
"理發店關門","沒頭瞭"
"理發師傅收攤子","沒頭瞭"
"理字賣給閻王爺","不講道理"
"鯉魚碰網","自取滅亡"
"利劍斬亂麻","一刀兩斷"
"利刀石上磨","精益求精"
"李世民登基","順應民心"
"李林甫當宰相","口蜜腹劍"
"李逵升堂判案","亂打一通"
"李逵賣煤炭","黑對黑；黑上加黑"
"李逵開鐵匠鋪","人強貨硬"
"李逵裹腳","堆纏；難辦"
"鯉魚跳船上","不勞(撈)而獲"
"倆狗打架","你咬我，我咬你；以牙還牙"
"倆獅子打架","不是你死，就是我亡"
"倆小鬼作仇","死對頭"
"倆啞巴見麵","沒說的"
"連鬢鬍子吃麻糖","糾纏不清"
"蓮藕生瘡","壞心眼"
"臉盆裏撐船","內行(航)"
"臉盆紮猛子","不知深淺"
"練武術的不拿刀槍","赤手空拳"
"涼白開沏茶","乏味"
"梁山的兄弟","不打不成相識；誌同道閤"
"梁山泊的王倫","不能容人；容不得人；誰都容不"
"梁頭上吊王八","四腳無靠"
"兩分錢的醋","又酸又賤"
"兩分錢一個豬頭","臉麵不值錢"
"兩個巴掌打人","左右開弓"
"兩個鼓槌","一對兒"
"兩個泥菩薩過河","誰也救不瞭誰"
"兩個人做買賣","缺一不可"
"兩個兄弟吵分傢","各顧各"
"兩個醉漢睡覺","東倒西歪"
"兩虎把門","進退兩難"
"兩口子鋤地","不顧(雇)彆人"
"兩口子分傢","各人顧各人"
"兩口子推磨","同心協力"
"兩勤夾一懶","一不做，二不休"
"兩扇磨磨麵粉","缺一不可"
"兩手架鼓","等著挨敲"
"兩手捏兔子","穩拿"
"兩手托刺蝟","碰到棘手事；棘手"
"兩條腿的闆凳","坐不穩；坐不住"
"兩響炮升天","想(響)到一塊兒瞭"
"兩樣布做夾祅","錶裏不一"
"兩隻手寫對聯","雙管齊下"
"兩隻眼盯著一個小錢","見錢眼開"
"咧著嘴吃梅子","看你那個酸相"
"列車上放廣播","道聽途說"
"劣馬裝麒麟","露馬腳"
"鄰居夫人","不救自危"
"林衝上梁山","逼齣來的"
"林子裏的斑鳩","一對兒"
"臨嫁的姑娘","滿麵春風；春風滿麵"
"臨老當和尚","半路齣傢"
"臨死挨瞭一巴掌","死不要臉"
"拎破籃吹嗩呐","裝相"
"嶺上唱山歌","高調"
"流浪漢坐遠滾輪","四海為傢"
"琉璃瓦蓋寺廟","頂好"
"劉備編草鞋","內行"
"劉備對孔明","言聽計從"
"劉備藉荊州","有藉無還"
"劉備遇諸葛","無話不說"
"柳樹抽芽","自發"
"柳樹的屁股","坐下就紮根"
"柳樹開花","無結果；不結果"
"柳條穿泥鰍","一路貨"
"柳條穿魚","串起來瞭"
"六個指頭劃拳","齣瞭新招"
"六月的斑鳩","不知春鞦"
"六月的山","清(青)一色"
"六月的閃電","眨眼不見"
"六月飛霜","怪事一樁；怪事"
"六月裏吃生薑","熱乎乎"
"六月裏的梨疙瘩","有點酸"
"六月天戴手套","保守(手)"
"六月債","還得快"
"龍宮裏造反","慌瞭神"
"龍王發脾氣","翻江倒海；興風作浪"
"龍王靠邊","人定勝天"
"龍王爺的後代","龍子龍孫"
"龍王爺的帽子","道道多"
"龍王爺的脾氣","摸不透"
"龍王爺翻臉","要變天"
"龍王爺放火","改行"
"龍王爺作法","呼風喚雨"
"龍珠跟著龍尾轉","首尾相連"
"籠屜上抓饅頭","穩拿"
"籠中小鳥","飛不瞭"
"籠子裏的鳥","有翅難飛"
"籠子裏的鸚鵡","多嘴多舌"
"聾子打電話","形式主義；多此一舉"
"聾子打鼓","充耳不聞"
"聾子戴耳機","充耳不聞；聽而不聞"
"聾子見啞巴","不聞不問"
"聾子拉鬍琴","鬍扯"
"聾子聽戲","白費功夫；自費勁；枉費工"
"聾子瞎瞭眼","閉目塞聽"
"摟著金條睡覺","守財奴"
"漏洞百齣的廣告","經不起推敲"
"漏壺裏灌水","永不滿足"
"鱸魚探蝦毛","不懷好意"
"蘆柴稈做門閂","難撐"
"蘆溝橋的石獅子","數不清"
"蘆葦牆上釘釘子","不牢靠"
"魯班的兒子學木匠","一代傳一代；門裏齣身"
"魯班的手藝","巧奪天工"
"魯班皺眉頭","彆具匠心"
"魯肅服孔明","五體投地"
"魯提轄拳打鎮關西","抱打不平"
"魯智深齣傢","無牽掛；無牽無掛"
"網站精英的報稿","海市蜃樓"
"穿著洋衣拿著洋文憑的騙子","網站精英"
"鞏麗作廣告","抹粉"
"趙薇作廣告","瘋人說瘋話"
"劉曉慶齣演小鳳仙","人老心紅"
"成剋傑反貪","賈(假)政(正)"
"青春偶象派的女主持人","裝天真"
"青春偶象派的男主持人","賈(假)母"
"無論多大，女節目主持人總嫌小的東西","眼睛"
"女名人的臉","畫皮"
"轆轤斷瞭軸","玩不轉"
"路邊的小草","任人踐踏；由人踩"
"路燈照明","公道"
"鷺鷥飛過養魚池","眼飽肚中飢"
"驢糞蛋上插花","臭美"
"驢糞蛋子捏菩薩","胎壞瞭；壞瞭胎"
"驢拉磨轉圈圈","沒頭沒尾；沒盡頭"
"驢臉和豬頭","醜對醜；一對醜"
"驢屁股上的蒼蠅","亂哄哄"
"驢頭馬麵","一路貨"
"驢頭伸進奶桶裏","白吃"
"驢子打滾","四腳朝天"
"驢子吞灰麵(白麵)","白吃"
"呂布戲貂嬋","上當受騙；英雄難過美人關"
"呂洞賓打擺子","占先(顫仙)"
"呂洞賓講故事","神話"
"呂濛正蓋房子","造謠(窯)"
"旅客上火車","各就各位"
"綠豆換米","各有一喜"
"孿生兄弟","不分彼此"
"亂墳崗上唱戲","鬧鬼"
"亂麻疙瘩","理不清"
"亂綫團掉刺窩","難理清"
"亂葬墳上跳舞","鬼迷心竅"
"輪船上觀海","無邊無沿"
"輪船上潑水","隨波逐流"
"輪胎打氣","有進無齣"
"羅鍋作揖","舉手之勞"
"羅鍋腰上山","錢(前緊)"
"蘿蔔齣水","蔫瞭"
"蘿蔔乾當人參","不識貨"
"蘿蔔上墳","哄鬼；騙鬼；哄死人"
"蘿蔔長叉","多心"
"騾子的臉","非驢非馬"
"騾子陪考","比勁大"
"螺螄殼裏睡覺","摸不清方嚮"
"駱駝挨鞭子","忍辱負重"
"駱駝打前失","倒黴(煤)"
"駱駝放屁","想(響)得亮"
"駱駝生驢子","怪胎"
"駱駝走路","昂首闊步；穩重"
"落成的雕像","定瞭型；定型瞭"
"落花流水","有去無迴"
"落山的太陽","沒多大亮"
"落水的雞毛","飛不瞭"
"落水的桃花","隨波逐流"
"落湯雞崽","抬不起頭來"
"落雨立當院","輪(淋)到頭上"
"落雨天齣彩雲","假情(晴)"
"落雨天打磚","壞胚子"
"落在陷阱裏的駿馬","寸步難行"
"臘月喝涼水","點點記在心"
"臘月裏打雷","罕見"
"臘月買紙扇","不識時務"
"蠟人玩火","害瞭自身"
"癩蛤蟆過年","窮得連毛都沒有一根"
"癩蛤蟆跳三跳","還要歇一歇"
"癩子當和尚","不費手續"
"懶雞婆抱窩","守著攤兒過"
"爛闆搭橋","不頂事"
"爛泥菩薩洗臉","乾淨不瞭"
"狼不吃死孩子","是活人慣的"
"狼頭上插筍","裝樣(羊)"
"老大爺拉二鬍","陳詞濫調"
"老虎上吊","沒活(虎)路瞭"
"老虎吃蝴蝶","想入非非(飛飛)"
"老虎咬牛","大乾一場"
"老虎拉磨","不信那一條"
"老虎餓瞭逮耗子","飢不擇食"
"老和尚敲鍾","一個點兒"
"老和尚搬傢","吹燭拔蠟"
"老公雞披蓑衣","嘴尖毛長"
"老漢啃甘蔗","咬牙切齒"
"老鴨公唱戲","喉嚨不爭氣"
"老鴨子遊水","錶麵上不動"
"老鴰叮蚌殼","難脫身"
"老驢打滾","翻不過身來"
"老母雞上樹","冒充英雄"
"老母豬擺擂颱","豁著臉摔打"
"老母豬上山","緊往上爬"
"老母豬進夾道","進退兩難"
"老牛吃豆腐","變心(新)腸瞭"
"老刺蝟下山","一骨碌"
"老壽星上吊","活夠瞭"
"老山貓呲牙","笑麵虎"
"老鼠嗑瓜子","一張巧嘴"
"老鼠搬生薑","勞而無功"
"老鼠進口袋","白找死"
"老鼠啃菜刀","死路一條"
"老鼠坐供桌","想充神仙"
"老鼠騎水牛","大的沒有小的能"
"老鼠睡貓窩","送來一塊肉"
"老鼠拉木鍁","大頭在後頭"
"老鼠做壽","小熱鬧"
"老鼠尾巴上綁雞毛","不是個正經鳥"
"老鼠咬茶壺","口口都是詞(瓷)"
"老鼠咬屁股","肯定(啃腚)"
"老婆婆嫁屠夫","隻圖吃"
"老婆婆賽跑","精神可佳"
"老牯牛走路","老八路"
"老龍王下海","不迷方嚮"
"老太太打補丁","窮湊閤"
"老太太念佛","嚕蘇"
"老太太紡綫","拖拖拉拉"
"老太婆摸雞","總歸有蛋"
"老太婆跳皮筋","非同兒戲"
"老太婆念經","從頭來"
"老太婆啃雞筋","難嚼難咽"
"老太爺看告示","一篇大道理"
"老鷹吃雞毛","真滿肚子算事"
"老鷹的眼","看抓的"
"姥姥死閨女","無疑(姨)"
"肋底下插柴","自忍"
"樂山的大佛","老實(石)"
"雷打莊稼","不留情"
"冷鍋裏長熱豆","想不到"
"狸貓裝貓叫","想投機(偷雞)"
"離群的牛犢","不知往哪奔"
"離山的猛虎","無能"
"離水的魚兒","乾張嘴"
"理發師的工夫","憑的是理"
"鯉魚産卵","撒一大片"
"立鼕的蛇","僵瞭"
"荔枝殼抹油","又滑又濕"
"倆瞎子打架","對拍"
"蓮藕孔過風","半通不通"
"臉皮象手鼓","厚顔無恥"
"梁山上的軍師","無(吳)用"
"兩分錢買一籃子菜","不好是貨"
"兩個老頭打架","鬍鬥"
"兩個風箏一起飛","鬍攪蠻纏"
"兩個羊羔打架","對頭"
"兩個肩膀扛張嘴","光等吃"
"兩個啞巴睡一頭","無話可商量"
"兩個醫生抬頭驢","沒治瞭"
"兩口子打官司","一言難盡"
"兩匹馬賽跑","各奔前程"
"兩親傢打架","為兒女的事"
"亮月下點燈","空掛名(明)"
"亮月下耍大刀","明砍"
"撂下拐棍作揖","老交情"
"裂嘴的包子","露餡兒"
"林教頭的棍棒","虛晃一下"
"臨上轎馬撒尿","手忙腳亂"
"靈前酒壺","斟乾止"
"鈴鐺敲鑼鼓","想(響)在一塊瞭"
"溜直的樹木","先被砍"
"劉備的舅子","孫權"
"劉備的兄弟","紅的紅，黑的黑"
"劉備摔孩子","收買人心"
"劉備殺人","心慈手軟"
"劉關張桃園三結義","生死之交"
"硫磺腦袋","易發火"
"柳樹齣身","立場不穩"
"柳樹葉子","尖齣頭"
"柳條籃子搖元宵","滾蛋"
"柳條上串王八","一類貨色"
"六點鍾","指天頂地"
"六十歲學吹打","心有餘，力不足"
"六月裏的糞缸","越淘越臭"
"六月裏的鼕瓜","越大越不值錢"
"六月裏的荷花","眾人共賞"
"六月天下雪","沒這迴事"
"六月天孵小雞","壞蛋"
"六月天穿毛衣","熱心"
"六月天狗吐舌頭","熱齣來的"
"龍燈耍的好","靠頭"
"龍王爺掉在海裏","不消勞(撈)"
"龍須菜炒韭菜","亂七八糟"
"聾子打岔","聽不清"
"聾子聽話","傻瞪眼"
"聾啞人談天","連說帶比劃"
"樓窗上走人","門外漢"
"漏盆裏洗澡","快活不多時"
"露頭的釘子","挨敲的貨"
"爐子翻身","倒黴(煤)"
"爐子旁的捅條","倒黴(搗煤)的傢夥"
"鹵水煮鴨子","肉爛嘴還硬"
"魯班的兒子學木匠","不用拜師"
"路邊的小草","任人踩"
"轆轤打水","一個勁兒地往上嘎"
"驢駒子拉套","不順手"
"驢子推磨","走的老道"
"呂布殺董卓","大義滅親"
"呂布戲貂嬋","上瞭彆人的當"
"呂布戲貂嬋","英雄難過美人關"
"呂濛下趕齋","窮過度(渡)"
"綠豆喂王八","正是好料"
"亂加砝碼","不公平"
"輪船靠瞭碼頭","穩啦"
"蘿蔔兩頭切","首尾不顧"
"羅鍋上樹","錢(前)缺"
"羅鍋子伸腰","高齣二尺"
"羅漢肚子","草包"
"羅漢過水","各顯神通"
"羅漢請觀音","客少主人多"
"落鍋的蝦子","紅透瞭"
"落雨天打土坯","沒好的"
"駱駝步沙灘","穩重"
"樂器閤奏","大吹大擂"
"黃河決瞭口","滔滔不絕；一瀉韆裏"
"黃河裏的水","說不清；難清"
"黃鶴樓上看翻船","幸災樂禍"
"黃鶴樓上看行人","把人看矮瞭"
"黃昏時的燕子","不想高飛"
"黃醬掉在褲襠裏","不是死(屎)，也是死(屎)"
"黃連拌生薑","辛苦瞭"
"黃連泡茶","自討苦吃"
"黃連樹上雕字","刻苦"
"黃連樹下吃桂圓","苦中有甜"
"黃連樹下喊上帝","叫苦連天"
"黃鼠狼給雞送禮","不懷好意"
"黃忠上陣","老當益壯"
"灰堆吹喇叭","烏煙瘴氣"
"灰堆燒山藥","混書蛋"
"渾身貼膏藥","毛病不少"
"渾水池子","看不透"
"渾水洗澡","越來越糟，乾淨不瞭"
"豁牙子拜師傅","無恥(齒)之"
"豁牙子過鼕","唇亡齒寒"
"豁牙子說話","含糊其辭；含含糊糊"
"豁牙子咬牛筋","難嚼難咽"
"火把換燈籠","明來明去"
"火柴把上綁雞毛","膽(撣)子小"
"火柴棍搭橋","難過"
"火柴盒做棺材","成(盛)不瞭人"
"火車帶卒皮","勾(鈎)"
"火車抵頭","互不相讓"
"火車進隧道","長驅直入"
"火車拉笛","上勁；名(鳴)聲大"
"火車離軌","寸步難行"
"火車離瞭道","越軌"
"火車上馬路","齣軌；越軌"
"火車頭拉縴","獨齣心裁"
"火車頭沒燈","前途無量(亮)"
"火車廂裏賽歌","高歌猛進"
"火車響汽笛","一鳴驚人；火氣衝天"
"火車紮進高梁地","沒轍"
"火車站的軌道","四通八達"
"火雞比天鵝","差得遠，差遠瞭"
"火爐子裏澆油","火氣太大"
"火鉗子上陣","算不得兵器"
"火燒芭蕉","不死心，心不死"
"火燒鞭炮","一觸即發"
"火燒草料場","逼上梁山，沒有救"
"火燒草山","沒有救"
"火燒燈草","灰心"
"火燒房子還瞧唱本","沉著；沉得住氣"
"火種掉進乾柴堆","一點就著；點人就著"
"貨郎背包串鄉","沒挑的"
"貨郎擔洗手","撂挑子"
"貨郎鼓","兩邊擺"
"哈哈鏡","走瞭樣"
"哈巴狗逮老鼠","象貓沒貓的本事"
"哈巴狗叫貓","亂認當傢子"
"哈巴狗沒瞭眼珠","瞎神氣"
"哈巴狗坐牆頭","硬裝坐地土豪"
"海參長刺","不紮人"
"海關大鍾","到時候就報"
"海蠣上岸","甭想張嘴"
"海螺殼裏睡覺","不肯露頭"
"海子裏的蝦米","翻不起浪"
"寒鼕臘月送扇子","不識事務"
"寒暑錶","有升有降"
"韓湘子齣傢","一去不復返"
"韓信伐楚","明修棧道，暗渡陳倉"
"含糖睡覺","夢裏甜"
"旱煙袋打狗","壞瞭杆瞭"
"好嘴上塞棉花","沒法吹"
"好花離瞭土","活不成"
"好人堆裏挑壞人","不多"
"好心遭雷打","冤枉"
"耗子齣洞","準沒好事"
"耗子登風車","盡走迴頭路"
"耗子動刀","窩裏反"
"耗子進風箱","找氣受"
"耗子磨牙","沒活找活"
"耗子算卦","擱下爪就忘"
"耗子鑽竈火","末日來臨"
"喝瞭禦酒","有功之臣"
"喝鬆花江水長大的","管得寬"
"河裏打牆","把鱉的路擋瞭"
"河裏的涼水","不值錢"
"河裏長菜","不焦(澆)"
"河裏王八爬上岸","亮亮相"
"河灘上的石頭","沒角沒棱"
"河中的浮萍","紮不下根"
"荷花齣水","一塵不染"
"和尚起立","突(禿)起"
"和尚殺牛","口善心惡"
"核桃皮翻肚","點子不少"
"黑李逵碰見猛張飛","見麵就崩"
"黑頭演花旦","變瞭角色"
"黑瞎子耍門扛","人熊傢夥笨"
"黑瞎子吃石榴","滿肚子熊點子"
"黑瞎子上轎","誰抬你啊"
"黑鏇風的本名","理虧(李逵)"
"哼哈二將鬥法","噴雲吐霧"
"橫杠竹子","進不得城"
"鬍蘿蔔刻的小孩兒","紅人"
"鬍屠戶的女婿","犯勁(範進)"
"猢猻穿衣裳","象個人似的"
"虎口裏的人","生死未定"
"虎伴羊睡","靠不住"
"護城河的王八","混年號"
"花轎前的樂隊","大吹大擂"
"花椒樹","渾身是刺"
"花生殼，大蒜皮","一層管一層"
"花落結個大矮瓜","看也看瞭，吃也吃瞭"
"花果山上沒外姓","一窩孫"
"花瓶裏種樹","大不瞭"
"花頭雞","惹事多"
"花針對麥芒","尖對尖"
"花崗岩下油鍋","紮實(炸石)"
"蝦子掉在鹽堆上","忙(芒)中有閑(鹹)"
"蝦子過河","謙虛(牽須)"
"巷子裏打拳","直來直去；直進直齣；直齣直入"
"戲颱上打仗","哄的"
"戲颱上的官","快活不瞭多久"
"蝦子掉在大麥上","忙上加忙(芒)"
"蝦子得意","愛蹦"
"花架下養雞鴨","煞風景"
"畫筆敲敲","有聲有色"
"懷兒婆的口糧","兩人一份"
"懷裏揣鏡子","心裏明亮"
"壞鬼軍師","專齣壞主意"
"皇帝齣朝","駕到"
"皇帝的媽媽","太厚(後)"
"黃豆煮豆腐","父子相認"
"黃連樹下種苦瓜","苦生苦長"
"黃連炒豬頭","苦瞭大嘴"
"黃牛拉磨","慢工齣細活"
"黃鼠狼抽瞭筋","渾身打哆嗦"
"韭菜割頭","不死心"
"急救車撞瞭救火車","急上加急(比喻特彆緊急)"
"急性子作客","說來就來"
"江裏的浪花","不是吹的(比喻不是說大話能辦到的)"
"積木砌房子","碰就倒"
"九斤重的公雞","官高勢大"
"肩頭上放花炮","禍(火)在眼前"
"煎過三遍的藥渣","早該倒瞭"
"醬缸醃肘子","親(鹹)肉一塊"
"醬壇裏裝個鱉","親員(鹹圓)"
"毽雞毛","盡在錢上站著"
"跤龍頭上搔癢","溜須不要命"
"蔣乾盜書","上瞭大當"
"揪著馬尾巴賽跑","懸"
"脊梁骨上長茄子","生瞭外心"
"絕戶頭得個改傢子","明看不成器，丟又捨不得"
"緊著褲子數日月","日子難過"
"積木搭牆","一推就倒"
"教菩薩認字","枉費心機"
"黃鼠狼娶媳婦","小打小鬧"
"黃鼠狼下崽","一窩不如一窩"
"蝦吞礁石","好大的胃口"
"戲子沒卸裝","油頭粉麵"
"戲子的臉蛋","要哭就哭，要笑就笑"
"戲園子失火","徹底垮颱"
"戲園裏的棗木梆子","天生挨揍"
"戲颱下麵淌眼淚","替古人擔憂"
"戲颱上著火","熱鬧非凡；好熱鬧"
"戲颱上討老婆","假過場"
"戲颱上送詔書","假傳聖旨"
"活魚丟在沙灘上","乾蹦亂跳"
"火車開到馬路上","齣軌"
"火車輪子上軌道","切實可行"
"火車不開","推著走"
"火盆裏栽牡丹","不知死活"
"火燒棺材","逼死人"
"火燒鬍子","練(煉)嘴"
"火燒猴屁股","急得團團轉"
"火燒金鑾殿","沒地(帝)位"
"戲颱上拜天地","假的"
"戲颱上吹鬍子","嚇不住人"
"戲颱上打齣手","花招多"
"戲颱上的綢子舞","抖起來瞭"
"戲颱上的父子","沒大沒小"
"戲颱上的花旦","引人注目"
"戲颱上的將軍","神氣一時"
"戲颱上的小卒","走過場"
"叫化子吃豆腐","一窮二白"
"叫花子過年","窮講究(比喻過份的注重和要求)"
"叫化子齣殯","窮到頭瞭(比喻窮到份瞭或不再窮下去瞭)"
"雞公頭上的肉","大小是個官(冠)(比喻不管怎的都是個頭頭)"
"井底雕花","深刻(比喻觸到事情或問題的本質)"
"井底裏放糖","甜頭大傢嘗(比喻讓大傢都得到好處)"
"腳上穿冰鞋","要溜"
"腳踩西瓜皮，手裏抓把泥","一溜二抹"
"畸形人做衣服","另搞一套"
"狡兔撞鷹","以攻為守"
"決瞭堤的水","橫衝直撞"
"機關槍瞄大炮","直性子對直性子"
"雞腿煮豆腐","一勺燴"
"雞銜骨頭","替狗纍"
"雞戴帽子","官(冠)上加官(冠)"
"雞蛋裏挑骨頭","沒碴打碴"
"雞飛蛋打","兩落空"
"雞給黃鼠狼拜年","自投羅網"
"雞叫走路","越走越明"
"雞籠裏睡覺","睜眼盡窟窿"
"雞籠裏過日子","一身的窟窿"
"積木砌房子","一碰就倒"
"急救車撞瞭救護車","急上加急"
"急水灘頭放鴨子","一去不迴頭"
"降不住豬肉降豆腐","欺軟怕硬"
"妓院裏的處理品","下賤貨"
"剪開個蠶繭貼在眼上","滿眼都是絲(私)"
"剪瞭翅膀的八哥","看你還能飛上天"
"見瞭王母娘娘喊嶽母","想娶個天仙女"
"見瞭王母娘娘叫大姑","攀高親"
"見瞭兔子纔放扈","有利纔齣徵"
"見慣瞭駱駝","看不齣牛大來"
"江邊上洗蘿蔔","一個個來"
"將軍不下馬","各奔前程"
"薑太公坐主席颱","資格老"
"薑太公的眼鏡沒鏡片","老框框"
"嚼過的饃饃","沒味道"
"嚼著甘蔗上樓梯","節節甜，步步高"
"餃子破皮","漏瞭餡"
"餃子脫皮","露瞭餡"
"餃子開口","露餡瞭"
"腳闆上紮刺","存心不讓走"
"腳底闆上綁大鑼","走到哪裏響到哪裏"
"腳底下長瘡，頭頂冒膿","壞到底瞭"
"腳底踩擀麵杖","站不穩"
"腳踩兩隻船","左右為難"
"腳丫子上的襪子","走到哪跟到哪"
"攪屎棍支桌子","臭架子"
"叫化子撥算盤","窮有窮的打算"
"叫化子趕街","分文沒有"
"叫化子過年","窮講究"
"叫花子碰上要飯的","窮對窮"
"結巴碰上結巴","誰也不用急"
"結巴碰上結巴","少說為佳"
"結巴聊天","慢慢來"
"藉據在人手","想賴也賴不瞭"
"今天栽樹，明天要果子","辦不到"
"金彈子打麻雀","因小失大"
"金譬掉井","有是有"
"金剛打羅漢","硬對硬"
"近水樓颱","失得月"
"精神病院的醫生","不怕你發瘋"
"景德鎮的瓷器","瓷(詞)好"
"景德鎮的瓷器","又細又好"
"井底的蛤蟆被扔瞭一磚","悶腔瞭"
"井底裏栽花","沒有齣頭之日"
"井底裏劃船","沒有齣路"
"雞吃放光蟲","心裏亮；肚裏明"
"雞蛋不生爪","天生這路種"
"雞蛋炒韭黃","一色貨"
"雞蛋掉油缸","圓滑；又圓又滑"
"雞蛋掉在馬路上","砸啦"
"雞蛋放在難窩","(石臼)裏春"
"雞蛋換鴨蛋","搗(倒)蛋"
"雞蛋換鹽","兩不見錢"
"雞蛋筐裏放秤碗","砸啦"
"雞蛋殼墊床腳","難撐"
"雞蛋殼作綫闆","難纏"
"雞蛋裏淌水","壞蛋"
"雞蛋裏挑骨頭","故意找岔；無中生有"
"雞蛋裏挑刺","無中尋有；沒事找事"
"雞蛋上颳毛","癡心妄想；妄想"
"雞蛋長爪子","能滾能爬"
"雞飛蛋打","一場空"
"雞孵鴨蛋","白忙活；白忙一場"
"雞公打架","對頭"
"雞狗做鄰居","老死不相往來"
"雞骨頭熬湯","沒多大油水；油水不大"
"雞叫啓程","越走越亮堂"
"雞籠裏睡覺","睜眼淨窟窿"
"雞毛打鼓","不聲不響，無聲無息"
"雞毛敲鍾","沒迴音；無迴音；不想(響)"
"雞毛與蒜皮","沒多少斤兩；微不足道；微乎其微"
"井裏蛤蟆","沒有過碗大的天"
"井裏頭打水往河裏倒","鬍摺騰"
"井水不犯河水，南山不靠北山","各過各的"
"警犬的鼻子","特彆靈"
"警察打他爹","公事公辦"
"鏡子裏的東西","看得見，拿不來"
"揪下來的花","新鮮不瞭幾天"
"韭菜包子","從裏往外臭"
"韭菜拌豆腐","一青(清)二白"
"九十老翁學武術","心有餘力不足"
"九牛爬坡","個個齣力"
"九牛一毛","微不足道"
"久霄雲外","天外有天"
"久旱無雨","水落石齣"
"酒杯子裏洗澡","小人"
"救人沒水","乾著急"
"救人踢倒瞭油罐子","火上澆油"
"舅舅打外甥","沒說"
"舉重比賽","斤斤計較"
"舉手過頭","超額"
"舉著燈籠照鏡子","自我欣賞"
"絕壁上的爬山虎","敢於攀高峰"
"軍師皺眉頭","計上心來"
"軍師皺眉頭","遇到難題瞭"
"軍橫鬥勝","紙上談兵"
"蜻蜓點水","東一下，西一下"
"浸濕的木頭","點不起火"
"浸水的木魚","敲不響"
"齊桓公用管仲","不記前仇"
"淺灘上放木排","一拖再拖"
"強盜走瞭扛齣槍來瞭","假充勇敢"
"晴天不趕路","等著雨淋頭"
"臼鼠走親戚","土來土去"
"臼鼠拖南瓜","咋辦"
"臼間老鼠","嘴尖牙利"
"機關槍對炮筒","直性子對直性子"
"機器人","沒心肝；沒心沒肝"
"雞抱鴨蛋","一場空"
"雞巢裏的鳳凰","至高無上"
"雞毛做撣子","物盡其用"
"雞夢見小米","盡想好事；想得倒美"
"雞腦殼上磕煙灰","幾(雞)頭受氣"
"雞碰到蜈蚣","死對頭"
"雞屁股拴繩","扯談(蛋)"
"雞群裏闖進一隻鵝","就你脖子長"
"雞食盆裏的鴨子","多嘴多舌"
"雞屎蚊子打嗬欠","好大的氣魄"
"雞死狼吊孝","假慈悲；假慈善"
"雞頭對鴨頸","臉紅脖子粗"
"雞尾巴上綁掃帚","好偉(尾)大"
"雞窩裏打拳","齣手不高；起手不高；小架勢"
"雞窩裏打太極","擺不開架式"
"雞窩裏放棒槌","搗蛋"
"雞鴨共一籠","語言不通"
"雞遇黃鼠狼","命難逃；膽戰心驚；戰戰兢兢"
"雞爪子釘掌子","不對題(蹄)"
"雞爪子炒菜","七拱八翹"
"雞爪子燴豆腐","沒多大油水；油水不大"
"雞子跌米籮","不愁吃"
"雞子兒下坡","滾蛋"
"雞子兒長爪子","滾得滾，爬得爬；連滾帶爬"
"蒺藜攔草","不是好料"
"蒺藜攔麥鼓子","不是好料"
"蒺藜上彈棉花","越整越亂"
"集體逃難","一窩蜂"
"急水灘放鴨子","一去永不來；一去不復返"
"急水灘頭的大鯉魚","經過風浪"
"急需的圖章","刻不容緩"
"幾百年的老陳帳","難算；算不清"
"麂子咬豹子","不怕死；死都不怕"
"脊背上背鼓","找著挨錘；找錘"
"濟公的扇子","神通廣大"
"妓女院的鴇兒","假仁假義；虛情假意"
"寄槽養馬","心狠手毒"
"加農炮打兔子","得不償失"
"傢裏丟瞭磨","沒法推；推不得"
"傢裏請吹鼓手","名(鳴)聲在外"
"傢雀進籠子","有翅難飛"
"傢雀抬杠","亂嚷嚷"
"傢雀學老鷹","想頭不低；想得高"
"甲魚吃木炭","黑心王八"
"甲魚照鏡子","龜相"
"假李逵碰到真李逵","冤傢路窄"
"嫁給染匠的婆娘","貪色"
"架上的葫蘆","掛起來；掛著"
"架上的葡萄","一連串；一串一串的"
"駕車登山","不進則退"
"駕駛員罷工","想不開"
"肩上戴帽子","矮瞭一頭"
"尖扁擔挑水","心掛兩頭"
"尖底籮筐","不穩當；不穩"
"尖尖鞋","前緊後鬆"
"撿瞭芝麻甩瞭西瓜","因小失大"
"揀個孩子唱大戲","看你慶哪傢的功"
"揀根鐵棒當燈草","說得輕巧"
"毽子上的雞毛","鑽進錢眼裏"
"見高就拜，見低就踩","勢利眼"
"見瞭大嫂喚大姑","不認人"
"見瞭棺材不落淚","心腸硬"
"見瞭駱駝說馬背腫","少見多怪"
"見瞭蚊子就拔劍","大驚小怪"
"見人扯媚眼","賣弄風流"
"見啥菩薩念啥經","到哪說哪"
"見物手癢","利欲熏心"
"箭頭離瞭弦","勇往直前"
"箭上弦上","一觸即發"
"僵蠶放在蠶簇上","一絲不掛"
"僵蠶作硬繭","不成功(宮)"
"薑太公封神","自己沒有份；一言為定"
"薑太公算卦","好準；未蔔先知"
"薑子牙的坐騎","四不像"
"薑子牙火燒琵琶精","現瞭原形"
"薑子牙開算命館","買賣興隆"
"薑子牙娶媳婦","老來喜"
"將軍返鄉","解甲歸田"
"江邊插楊柳","落地生根"
"江邊洗蘿蔔","一個個來"
"江河發大水","一浪高一浪；後浪推前浪"
"江河裏的小泡泡","渺小"
"江湖佬賣假藥","招搖撞騙"
"江湖騙子賣草藥","有假無真；冒牌貨"
"江南的蛤蟆","難纏(南蟾)"
"江中浪上兜圈子","團團轉"
"奬狀綁在笤帚上","名譽掃地"
"講課還是老一套","屢教不改"
"講颱上放花盆","擺設"
"耩看耬眼","走著瞧"
"醬菜店裏的抹桌布","嘗盡辛酸"
"醬菜缸裏泡石頭","一言(鹽)難盡(進)"
"醬油瓶裏倒醋","不知啥滋味"
"醬油鋪裏的夥計","愛管閑(鹹)事"
"漿糊盆裏打滾","沾上瞭"
"交易所的拿破侖","財棍"
"蛟龍睏在沙灘上","難翻身；翻不瞭身；威風掃"
"蛟龍造反","翻江倒海"
"焦贊與楊排風比武","處處挨打"
"教猴子爬樹","多此一舉"
"教娃娃讀《聖經》","不看對象"
"餃子爛瞭邊","露餡"
"餃子露餡","傷瞭麵皮"
"餃子鋪的醬油","白搭"
"腳綁石頭走路","求穩不求快"
"腳脖子上把脈","瞎摸"
"腳踩棒槌","立場不穩"
"腳踩棉花堆","不踏實；騰雲駕霧"
"腳踩牛屎","一踏糊塗"
"腳打鑼，手敲鼓","兩頭忙"
"腳戴帽子頭頂靴","上下不分"
"腳底抹油","溜得快"
"腳底下釘釘","寸步難行"
"腳底下抹石灰","白跑"
"腳跟朝前走","走迴頭路；倒退"
"腳跟拴石頭","進返兩難"
"腳後跟拴藤條","拉倒"
"腳盆裏和麵","不知香臭；聞不著香臭"
"腳盆洗臉","不分上下；上下不分"
"腳上戴鐐子","寸步難行"
"腳上的泡","自己走的"
"腳踏蒺藜","寸步難行"
"腳踏蹺蹺闆","一上一下"
"腳踏烏龜背","心裏痛"
"腳丫子上長蒺藜","站不住腳"
"腳長雞眼拔火罐","鬍擺治"
"攪絆機裏的石子","翻上倒下"
"校場裏的土地","管得寬"
"轎子裏打拳","不識抬舉"
"叫花子安風扇","窮風流"
"叫花子搬傢","一無所有"
"叫花子抱著醋壇子","窮酸"
"叫花子搽粉","窮講究；窮打扮"
"叫花子炒三鮮","要一樣沒一樣"
"叫花子吃豆腐","一窮二白"
"叫花子吃葡萄","窮酸"
"叫花子打狗","一手功夫；邊打邊走"
"叫花子打哈欠","其樂無窮"
"叫花子打瞭碗","傾傢蕩産"
"叫花子當老闆","闊啦；闊氣瞭"
"叫花子的傢當","破爛貨"
"叫花子丟拐棍","受狗欺"
"叫花子夫婦調情","窮作樂；窮快活"
"叫花子趕街","分文沒有"
"叫花子哼著太平調","窮開心"
"叫花子嫁長工","窮對窮；一對窮"
"叫花子接彩球","喜瘋子；喜齣望外"
"叫花子進貢","窮盡忠"
"叫花子看滑稽(獨角戲)","窮開心"
"叫花子看外婆","兩手空"
"叫花子開店鋪","無本生意"
"叫花子誇祖業","自己沒齣息"
"叫花子擂鼓","窮開心"
"叫花子練跌打","窮摺騰"
"叫花子賣布","窮扯"
"叫花子起五更","窮忙"
"叫花子請客","窮張羅；窮大方"
"叫花子睡覺","窮睏"
"叫花子討灰麵(白麵)","一窮二白"
"叫花子提親","窮說；窮湊閤"
"叫花子跳井","窮途末路；無路可走"
"叫花子舞討飯棍","窮開心"
"叫花子想公主","一廂情願"
"叫花子咬牙","窮凶極惡；窮橫"
"叫花子照鏡子","一副窮相；窮相"
"叫花子捉虱子","十拿九穩"
"叫花子走清明","兩頭忙"
"叫花子醉酒","窮開心"
"叫花子做駙馬","受寵若驚"
"叫花子做皇上","喜從天降"
"叫林黛玉掄闆斧","強人所難"
"叫鐵公雞下蛋","異想天開"
"叫兔子去拉磨","沒有那一套"
"叫羊看菜園","越看越光"
"結巴郎吵架","張口結舌"
"揭開廬山真麵目","心中有數；肚裏有數"
"街上的傳單","白給"
"街上流行紅裙子","趕時興；趕時髦"
"街頭耍把式","光說不練"
"節草拴西瓜","難纏"
"節日擺宴席","濟濟一堂"
"節日的禮花","萬紫韆紅"
"姐兒倆害相思","同病相憐"
"姐倆迴娘傢","殊途同歸"
"藉瞭一角還十分","分文不差"
"一群螃蟹過街","橫行霸道"
"一窩猴子","都姓孫"
"長蟲戴草帽","細高挑兒(身材細長的人)"
"長蟲當拐杖","靠不住；不可靠"
"長蟲過亂石灘","繞來繞去"
"長蟲過門檻","點頭哈腰"
"長蟲爬進槍筒裏","難迴頭；迴頭難"
"唱戲打邊鼓","旁敲側擊"
"唱戲的挨刀","無傷大體；無關大體"
"唱戲的穿玻璃鞋","名角(明腳)"
"唱戲的吹鬍同","假生氣"
"唱戲的打闆子","一五一十"
"扯足順風篷","得勢"
"晨霧炊煙","一吹就散"
"沉香木當柴燒","用材不當"
"陳醋當酒喝","哭笑不得"
"陳榖做種子","難發芽"
"城隍廟的菩薩","正襟危坐；不怕鬼"
"城隍廟的鐵算盤","難算；算不清；不由人算"
"城隍廟裏齣告示","嚇鬼"
"城隍廟裏打官司","死對頭"
"城隍廟裏的鼓槌","一對兒"
"城牆上的草","風吹兩邊倒"
"城牆上點烽火","告急"
"城牆上趕麻雀","白費功夫；白費勁；枉費功"
"城牆上騎瞎馬","好險；冒險；危險"
"城頭上放風箏","齣手高"
"長蟲過街","莽(蟒)行"
"唱戲的鬍子","假的"
"唱戲的喝彩","自吹自擂"
"唱戲的教徒弟","幕後指甫"
"唱戲的轉圈圈","走過場"
"朝天放槍","空響(想)"
"炒瞭一盆麻雀腦袋","多嘴多舌"
"車道溝裏的泥鰍","掀不起大浪"
"車輪子沒軸","轉不開"
"車輛對開","各走一邊"
"陳年老帳","設法瞭結"
"城頭上齣殯","統一個大彎兒"
"程咬金的斧子","頭三下"
"秤砣掉進大海裏","浮不起來"
"秤砣掉在棉被上","沒有迴音"
"吃瞭芋頭不下肚","頂心頂肺"
"吃瞭秤舵","鐵心瞭"
"吃瞭算盤子","心裏有數"
"吃瞭扁擔","橫瞭腸子"
"吃瞭木炭","黑瞭良心"
"吃柳條拉筐子","肚子裏編"
"吃剩飯長大的","盡齣餿主意"
"吃著話梅講話","一股酸味"
"池塘裏的癲蛤蟆","叫起來沒個究"
"衝溝裏放牛","兩邊吃"
"蟲蛀的扁擔","受不瞭兩頭壓"
"崇賴上吊","走投無路"
"仇人相見","分外眼紅"
"醜姑娘給俊女婿","混著過"
"臭豆腐","聞著臭，吃著香"
"臭蟲咬人","齣嘴不齣身"
"齣土的甘蔗","節節甜"
"初齣犢","不怕虎"
"廚房裏的貓","總不記打"
"廚房裏的火簡","兩頭空"
"楚莊王猜謎語","一鳴驚人"
"穿鼕衣戴夏帽","不知春鞦"
"穿著汗衫戴棉帽","不相稱"
"穿寒衣搖夏扇","不知冷熱"
"傳說中的八仙","各有韆鞦"
"船頭上跑馬","走投無路"
"窗戶紙","一戳應就透"
"窗戶上畫老虎","嚇不瞭誰"
"窗戶眼兒吹喇叭","名(鳴)聲在外"
"吹迴肖過墳場","自己給自己壯膽"
"吹鼓手趕集","沒事找事"
"吹嗽揚脖","起高調"
"炊事員行罩","替人背黑鍋"
"春天的竹筍","節節嚮上"
"春天的石榴花","心紅"
"吃豹子膽長大的","凶惡極瞭"
"吃不瞭兜著走","自擔責任"
"吃得耳朵都動","味道好爽"
"吃燈草灰長大的","說話沒分量"
"吃多瞭安眠藥","不省悟"
"此地無銀三百兩","泄露瞭天機"
"錘砸鐵鑽","響當當"
"從小沒娘","說來話長"
"從門縫裏看人","把人瞧扁瞭"
"寸花公雞上舞颱","誰跟你比漂亮"
"單身漢分到房","自成一傢"
"竄蛇盯小鳥","列奏(逮住)"
"槽笛吹火","到處泄氣"
"刺叭佬娶老婆","自吹"
"稱秸稈紮的雞","插翅也難飛"
"陳世美做附馬","喜新厭舊"
"醋缸裏釀酒","壇壇酸"
"蠶寶寶吃桑葉","胃口越來越大"
"蠶寶寶牽蜘蛛","私(絲)連私(絲)"
"蠶豆開花","黑心；黑瞭心"
"蠶爬掃帚","淨找岔(杈)"
"蒼蠅包網子(婦女罩頭的小網)","好大的臉皮"
"蒼蠅來花","裝瘋(蜂)"
"蒼蠅掉在醬缸裏","糊糊塗塗；糊裏糊塗"
"蒼蠅叮大糞","臭味相投"
"蒼蠅叮雞蛋","無孔不入"
"草原上的百靈鳥","嘴巧"
"草原上的勁風","擋不住"
"草原上天氣","變化多端"
"草原上點火","著慌(荒)"
"廁所頂上開窗子","臭氣衝天"
"廁所裏的茅缸","裝死(屎)"
"廁所裏灑香水","香臭不分；香臭難分"
"廁所裏尋竈王","找錯瞭地方；搞錯瞭地方"
"車站上的蚊子","專跟過路人作對"
"纔輸瞭當頭炮","慌什麼"
"纔子配佳人","十全十美；恰好一對"
"財神爺打官司","有錢就有理"
"財神爺發慈悲","有的是錢"
"財神爺翻臉","不認帳"
"財神爺摸腦殼","好事臨頭"
"財神爺要飯","裝窮"
"財主劫路","為富不仁"
"裁縫拿綫","認真(紉針)"
"裁縫鋪的衣服","一套一套的"
"裁縫的手藝","認真(紉針)"
"裁縫師傅對綉娘","一個行當"
"裁縫師傅做衣服","有尺寸；韆真(針)萬真"
"裁縫做嫁衣","替彆人歡喜"
"裁衣不用剪子","鬍扯"
"踩癟瞭的魚泡","泄氣"
"踩凳子鈎月亮","差得遠；差遠瞭"
"踩高蹺的過河","半截不是人"
"踩死螞蟻也要驗屍","過分認真"
"踩著鼻子上臉","欺人太甚；太欺負人"
"踩著高蹺過獨木橋","藝高人膽大"
"踩著肩膀撒尿","成心糟踏人"
"踩著井繩當是蛇","膽小鬼"
"踩著石頭過河","腳踏實地"
"彩虹和白雲談情","一吹就散"
"菜刀剃頭","與眾不同；太懸乎"
"菜鍋裏炒鵝卵石","不進油鹽；油鹽不進"
"菜園裏的海椒","越老越紅"
"菜園裏的苦瓜","越老越紅"
"菜園裏的轆轤","由人擺布；任人擺布"
"菜園裏的羊角蔥","越老越辣"
"菜籽裏的黃豆","數它大"
"蔡輻迎劉備","好話說盡，壞事做絕"
"參天的大樹","高不可攀"
"蒼蠅飛到牛胯上","抱粗腿"
"蒼蠅飛進牛眼裏","自討麻煩；自找麻煩"
"蒼蠅跟屎殼郞做朋友","臭味相投"
"蒼蠅會蜘蛛","自投羅網"
"蒼蠅見糞堆","盯(叮)住不放"
"蒼蠅落在臭蛋上","下縫下蛆"
"蒼蠅落在蜜盆裏","沾上瞭"
"蒼蠅碰玻璃","看到光明無前途"
"蒼蠅耍燈草","死中作樂；死快活"
"蒼蠅推牆","自不量力；不自量"
"蒼蠅圍著雞蛋轉","沒門；無門"
"蒼蠅尋狗屎","臭味相投"
"蒼蠅鑽到瓶瓶裏","處處碰壁"
"蒼蠅鑽茅房","沾腥惹臭"
"操場上捉迷藏","無地容身；無處藏身"
"曹操八十萬兵馬過獨木橋","沒完沒瞭"
"曹操背時遇蔣乾，鬍豆背時遇稀飯","倒黴透瞭"
"曹操的人馬","多多益善；越多越好"
"曹操殺蔡瑁","上當受騙；操之過急"
"曹操遇馬超","割須棄袍"
"草把兒打仗","假充好漢"
"草把兒撞鍾","不想(響)"
"草把子作燈","粗心"
"草包竪大漢","能吃不能乾"
"草叢裏的眼鏡蛇","歹毒"
"草地上的蘑菇","單根獨苗"
"草房上安獸頭","配不上；不配"
"草裏的斑鳩","不知春鞦"
"草驢(母驢)賣瞭買叫驢(公驢)","鬍搗騰"
"草帽戴在膝蓋上","不對頭"
"草帽破瞭頂","露頭"
"草帽子端水","一場空"
"草人過河","漂浮不定"
"草繩子拔河","經不住拉"
"草鞋上拴雞毛","飛快；跑得快"
"草鞋撞鍾","打不響"
"茶杯蓋上放雞蛋","靠不住；不可靠"
"茶杯裏放塊糖","壽命不長"
"茶館裏擺龍門陣","想起什麼說什麼"
"茶館裏掛斧頭","鬍(壺)作(斫)非為"
"茶館裏伸手","鬍(壺)來"
"茶壺掉瞭把兒","沒嘴"
"茶壺裏開染房","無法擺布；不好擺布"
"茶壺裏泡豆芽","受不完的勾頭罪"
"茶壺裏喊冤","鬍(壺)鬧"
"茶壺裏貼餅子","難下手；下不瞭手；無法下手"
"茶壺裏洗澡","撲騰不開"
"茶壺沒肚兒","光剩嘴"
"茶壺煮牛頭","下不去"
"茶鋪子裏的水","滾開"
"搽米湯上吊","糊塗死瞭"
"拆房逮耗子","大乾一場；得不償失"
"拆瞭東籬補西壁","窮湊閤；窮湊；顧此失彼"
"拆瞭茅房蓋樓房","臭底子；底子臭；根子不淨"
"拆瞭鞋麵做帽沿","顧頭不顧腳"
"拆廟搬菩薩","乾脆利索；乾淨利索；收攤子"
"拆襪子補鞋","顧麵不顧裏"
"拆屋放風箏","隻圖風流不顧傢"
"柴油機抽水","吞吞吐吐"
"豺狼請兔子的客","沒好事；不是好事"
"饞狗等骨頭","急不可待"
"饞貓吃耗子","生吞活剝"
"饞嘴巴走進藥材店","自討苦吃；自找苦吃"
"常勝將軍齣徵","所嚮無敵"
"常勝將軍迴朝","凱鏇歸來"
"常勝將軍疆場","不獲全勝不收兵"
"長闆坡上的趙子龍","單槍匹馬"
"長蟲吃高梁","順杆爬"
"長蟲吃蛤蟆","慢慢來"
"長蟲打架","繞脖子"
"長蟲碰壁","莽(蟒)撞"
"長蟲鑽刺蓬","有去無迴"
"長蟲鑽竹筒","難迴頭；迴頭難"
"長工的歲月","難熬"
"長江後浪推前浪","一波未平，一波又起"
"長江黃河裏的水","無窮無盡"
"長江裏的石頭","經過風浪"
"長江水萬裏流","波濤滾滾"
"長江漲大水","來勢凶猛"
"長頸鹿的腦袋突齣","頭揚得高；高人一頭"
"長衫改夾襖","取長補短"
"長尾巴蠍子","毒極瞭；最毒"
"長綫放風箏","慢慢來"
"長竹竿戳水道眼","一通到底"
"長竹竿進城門","難轉彎；轉不過彎來"
"長竹竿進巷道","直來直去；直迸直齣；直齣直入"
"卒子過河","隻進不退；死不迴頭；橫衝直撞"
"重錘掉在鋼闆上","落地有聲"
"長一隻耳朵的人","偏聽偏信"
"長瞭兔子腿","跑得快"
"藏民穿皮襖","露一手"
"唱京戲拉單弦","變瞭調"
"唱木偶戲的","盡捉弄人"
"唱皮影戲的跌跟頭","丟人打傢夥"
"唱戲不拉鬍琴","乾嚎"
"唱戲的抖三抖","假威風"
"唱戲的教徒弟","幕後指點"
"唱戲的拿馬鞭子","走人瞭"
"唱戲的念道白","自言自語"
"唱戲沒主角","鬍鬧颱"
"鈔票洗額頭","見錢眼開"
"超載的火車","任重道遠"
"朝天放炮","空想(響)"
"朝天椒","又尖又辣"
"朝天一箭","無的放矢"
"朝廷老爺拾大糞","有福不會享"
"晁蓋的軍師","無(吳)用"
"炒菜不放鹽","乏味；淡而無味"
"炒菜的鐵鍋","膩透瞭"
"炒菜放油鹽","理所當然"
"炒豆發芽","好事難盼"
"炒鬍豆(蠶豆)下酒","乾脆；乾乾脆脆"
"炒韭菜擱蔥","白搭"
"炒麵捏娃娃","熟人"
"炒熟的黃豆","難發芽"
"炒鹹菜不放鹽","有言(鹽)在先"
"車把式扔鞭子","沒人敢(趕)；誰敢(趕)"
"車翻瞭去馴馬","晚瞭；遲瞭"
"車工三班倒","連軸轉"
"車有車道，船有航道","各有各的路"
"扯鈴扯到半空中","空想(響)"
"扯亂瞭的絲綫","找不到頭"
"扯起風帆又蕩漿","有福不會享"
"扯起眉毛哄眼睛","自欺欺人；自騙自；自己哄自己"
"扯著鬍子打鞦韆","謙虛(牽須)"
"陳世美不認秦香蓮","喜新厭舊"
"陳世美打轎夫","不識抬舉"
"陳世美娶皇姑","喜新厭舊"
"臣民進皇官","層層深入"
"趁熱打鐵","趕緊；正在火候上"
"撐不開的傘","沒骨頭"
"撐船不用篙","放任自流；任其自流"
"撐船的老闆","看見使舵"
"成吉思汗的兵馬","所嚮無敵"
"成熟的花生果","滿人(仁)"
"成天想蠶繭","隻顧私(絲)"
"城隍老爺戴孝","白跑(袍)"
"城隍老爺發神經","鬼迷心竅"
"城隍老爺娶妻","抬轎的是鬼，坐轎的也是鬼"
"城隍老爺剃腦殼","鬼頭鬼腦"
"城隍廟裏掛弓箭","色(射)鬼"
"城隍廟裏聚會","淨是鬼"
"城隍廟裏鬧內訌","鬼打鬼"
"城隍奶奶燒柴竈","鬼火直冒"
"城隍菩薩的馬","不見起(騎)"
"城隍菩薩拉二鬍","鬼扯"
"城隍爺不穿褲子","羞死鬼；無恥"
"城隍爺掉井裏，土地爺扒頭看","不敢勞(撈)"
"城隍爺躲債","窮鬼"
"城隍與玉皇","有天地之彆"
"城門洞的行人","來去自由"
"城門口的磚頭","踢齣來的"
"城門樓上乘涼","好齣風頭"
"城門樓上的哨兵","高手(守)"
"城門樓上掛豬頭","架子不小；好大的架子"
"城頭上跑馬","兜圈子；難轉溜；轉不過彎來"
"城外頭開錢莊","外行"
"程咬金拜大旗","運氣好；眾望所歸"
"程咬金的三斧頭","虎頭蛇尾"
"程嬰告蜜搜趙式","閤兒救孤"
"乘慢車來的人","不速之客"
"乘字底下丟瞭人","真乖"
"秤錘扔到大海裏","直綫下降"
"秤杆掉瞭星","不識斤兩"
"秤杆上的準星","分得齣斤兩"
"秤杆與秤砣","密不可分"
"秤鈎吊在屁股上","自稱自"
"秤鈎子釣魚","撈不著"
"秤砣掉在廚櫃裏","砸人飯碗"
"秤砧掉在鼓上","不懂(撲通)"
"秤砣花過河","不服(浮)"
"秤砣囫圇吞","鐵瞭心"
"秤砣碰鐵蛋","硬對硬"
"吃霸王的飯，給劉邦乾事","不是真心"
"吃飽飯閑嗑牙","沒事找事"
"吃蜂蜜說好話","甜言蜜語"
"吃狗肉喝白酒","裏外發燒"
"吃掛麵不調鹽","有言(鹽)在先"
"吃罐頭沒刀","難開口；口難開；不好開口"
"吃海水長大的","管得寬"
"吃雞蛋不拿錢","混蛋"
"吃餃子不吃餡","調(挑)皮"
"吃酒陪新娘","裝模作樣；裝樣子"
"吃烤山芋","又吹又拍；吹吹拍拍"
"吃狼奶長大的","凶惡極瞭"
"吃瞭白糖吃冰糖","乏味"
"吃瞭抄手(餛飩)吃餛飩","一碼事"
"吃瞭定心丸","做事踏實"
"吃瞭海椒啃甘蔗","嘴甜心辣"
"吃瞭雞下巴","愛搭嘴"
"吃瞭枯炭","黑心；黑瞭心"
"吃瞭雷公的膽","天不怕地不怕"
"吃瞭靈芝草","長生不老"
"吃瞭鳥槍藥","火氣衝天"
"吃瞭煤炭","火氣衝天"
"吃瞭喜鵲蛋","樂開懷"
"吃瞭一包迴形針","一肚子委屈(麯)"
"吃瞭一筐爛石榴","滿肚子壞點子"
"吃瞭一筐爛杏","心酸得很"
"孫悟空變土地廟","尾巴難藏"
"孫悟空藉火扇","一物降一物"
"孫悟空封瞭弼馬溫","管它官大官小"
"孫悟空大鬧天宮","慌瞭神"
"孫悟空的金箍棒","隨心如意"
"孫悟空碰著如來佛","認栽"
"孫武用兵","以一當十"
"孫行者鑽進鐵扇公主肚裏","心腹之患"
"孫行者上天","忘瞭自己從哪塊石頭裏蹦齣來的"
"孫權殺關公","嫁禍於人"
"孫大聖聽瞭緊箍咒","頭痛"
"孫二娘開店","住不得"
"許褚戰馬超","赤膊上陣"
"齊桓公進迷榖","靠老馬識途"
"關羽看《春鞦》","一目瞭然"
"關羽失荊洲","驕兵必敗"
"關羽放曹操","念舊情"
"關羽降曹操","身在曹營心在漢"
"關公走麥城","最後一著"
"關公舞大刀","拿手好戲"
"關雲長颳骨療毒","全無痛苦"
"關雲長不殺張文遠","念在舊情"
"關雲長守嫂嫂","情意為重"
"關雲長敗走麥城","吃虧全在大意"
"劉海拉著孟薑女","有哭有笑"
"劉皇叔哭荊洲","拿眼淚嚇人"
"劉備請諸葛亮","思賢心切"
"劉備上黃鶴樓","嚇得索索抖"
"劉備摜阿鬥","假買人心"
"劉備賣草鞋","有貨，本行"
"劉備藉荊洲","隻藉不還"
"劉備的江山","哭齣來的"
"劉阿鬥","扶不起"
"劉姥姥坐席","齣洋相"
"劉姥姥進大觀園","眼花繚亂"
"後主降魏","不知羞恥"
"伍子胥過昭關","一宿白瞭頭發"
"華佗行醫","名不虛傳"
"吃曹操的飯，乾劉備的事","人在心不在"
"呂濛正的房子","老窯"
"呂後咬牙齒","恨劉邦不死"
"呂布戲貂嬋","上瞭彆人的當"
"死諸葛嚇活仲達","生不如死"
"老黃忠下天蕩山","一掃而平"
"老包斷案","臉黑心不黑"
"司馬懿父子行軍","你要進，我要退"
"司馬懿破八陣圖","不懂裝懂"
"司馬昭之心","路人皆知"
"玄奘的腳趾頭","隻有一個"
"包老爺審堂","陰陽分明"
"包老爺的衙門","好進難說"
"包公鍘皇親","法不容人"
"包公斬包勉","正人先正己"
"包公斷案","鐵麵無私，公事公辦"
"包公升堂","盡管直說"
"白娘娘迷許仙","娘兒們的心"
"白娘娘吃雄黃酒","現原形"
"白素貞哭斷橋","想起舊情來"
"申公豹的腦袋","反著看"
"申公豹的嘴","搬弄是非"
"東郭先生救狼","好心得不到好報"
"東吳殺人","嫁禍於曹"
"石秀進祝傢莊","走瞭不少盤陀路"
"甘露寺招親","弄假成真"
"擊鼓罵曹","現開銷"
"孔明給周瑜看病","自有妙方"
"孔明大擺空城計","化險為夷"
"孔明彈琴退鍾達","好沉著"
"孔明揮淚斬馬謖","明正軍紀"
"孔明藉東風","巧用天時"
"牛魔王請客","淨是妖"
"牛郎約織女","後會有期"
"氣死周瑜去吊孝","虛情假意"
"公子重耳拾破爛","飽不忘飢"
"中山狼齣瞭書袋","凶相畢露"
"五張羊皮買百裏奚","為瞭麻痹楚成王"
"王羲之寫字","入木三分，橫竪都好"
"王婆照應武大郎","不是好事"
"王佐斷臂","留一手"
"王母娘娘的開蟠桃宴","聚精會神"
"王母娘娘的玉簪","一畫一條銀河"
"衞懿公養仙鶴","忘瞭國傢大事"
"馬謖用兵","言過其實"
"馬陷小商河","有去無迴"
"亡羊補牢","為期不晚"
"大觀園裏哭賈母","各有各的傷心處"
"八虎闖幽洲","死的死，丟的丟"
"一槍紮死楊六郎","沒戲唱瞭"
"一口吹滅火焰山","口氣不小"
"八裏莊的蘿蔔","心裏美"
"叭拉狗掀門簾","全仗一張嘴"
"半個口袋掛空中","裝瘋(風)"
"半天雲裏扭秧歌","空歡喜(比喻白白地高興一場，並沒有達到目的。)"
"衣食不愁想當官，得瞭皇帝想神仙","貪得無厭"
"見瞭壽衣也想要","貪心鬼"
"小孩哭粑粑","要得整數"
"小禿脫帽子","頭明(圖名)"
"大車拉煎餅","攤(貪)得多瞭"
"狗坐筲箕","不識好歹"
"狗咬呂洞賓","不識好心人"
"坐轎子罵人","不識抬舉"
"棺材頭上畫花","討好鬼"
"啞巴拜年","少說話多磕頭"
"狗見瞭主人","搖頭擺尾"
"駝子壞瞭腿","卑躬屈膝"
"頂禮膜拜","一幅奴纔相"
"馬褂上穿背心","隔(格)外一套"
"人群裏的禿子","頭顯眼"
"公雞飛上屋背","到頂瞭"
"勸告文貼在背上","專給彆人看"
"孔夫子門前賣《論語》","自稱內行"
"孔明誇諸葛亮","自誇自"
"三歲小孩看瞭九年牛","還不會呀"
"黃連做笛子","苦中尋樂"
"麻雀子想生雞蛋","怎開口的"
"清水下雜麵","你吃我看"
"宰相肚裏能撐船","寬宏大量"
"給你麥芒","豈當針(真)"
"螞蟻戴眼鏡","沒有那麼大臉麵"
"門牌上畫個鼻子","好大的臉哪"
"七歲伢兒看瞭八年牛","裏手不過瞭"
"一張紙畫個鼻子","好大的臉"
"一個人拜把子","你算老幾"
"反穿皮襖","裝羊(洋)"
"水仙不開花","裝蒜"
"孔夫子穿西裝","又土又洋"
"無病呻吟","裝模作樣"
"電影裏麵談戀愛","假情假意"
"葉公好龍","假愛"
"司馬遇文君","一見鍾情"
"東邊日齣西邊雨","說他無晴(情)也有晴(情)"
"木偶跳舞","自有牽綫人"
"煎餅捲麻花","乾脆"
"捏著鼻子唱戲","悶腔"
"泥菩薩擺渡","難過"
"碾子磨","實(石)對實(石)"
"磕一個頭放三個屁","行好沒有作孽多"
"金剛鑽鑽瓷器","一個硬似一個"
"狗臉不長毛","翻臉不認人"
"滾水煮餃子","你不靠我，我不靠我"
"狗吃青草","長著一副驢心腸"
"趕著綿羊過火焰山","往死裏逼"
"給瞭九寸想十寸","得寸進尺"
"胳膊摺瞭往袖裏藏","自掩苦處"
"桂花種在廁所旁","香鳳臭氣"
"狗熊戴手錶","假裝體麵"
"官老爺齣告示","百姓該死"
"光頭跑進和尚廟","充數"
"放屁踩著藥撚子","趕到點子上瞭"
"鳳凰身上插雞毛","多此一舉"
"夫妻吵架傢不和","不知誰是誰非；難斷是非"
"飛機的屁股","尾巴翹上瞭天"
"飛機上吊郵筒","高興(信)"
"惡狼遭雷劈","惡貫滿盈"
"二齒鈎子搔癢","是把硬手"
"惡狗咬天","狂妄(汪)"
"二十八歲大姑娘","享(想)福(夫)瞭"
"額頭上刻個王字","成不瞭虎"
"鵝盆裏不準鴨插嘴","獨食獨吞"
"餓狼口裏奪脆骨","好大的膽"
"惡鬼見鍾馗","不得不老實"
"惡狼生個賊狐狸","不是好種"
"二分錢開當鋪","周轉不開"
"鵝蛋石跌進刺蓬裏","無牽無掛"
"搭起戲颱賣螃蟹","買賣不大，架子倒不小"
"吊死鬼照鏡子","自己嚇唬自己"
"吊在房簷上的大蔥","葉黃皮乾心不死"
"碟子裏的豆芽菜","開不瞭花，結不瞭果"
"東山跑過驢，西山打過虎","見過點陣勢"
"鼕天的暖水瓶","外冷內熱"
"東街發貨西街賣","不圖賺錢隻圖快(比喻辦事灑脫。)"
"電視廣告上的美人","曇花一現"
"地圖上畫個圈","誰知道有多大"
"德州扒雞","窩著脖子彆著腿"
"電風扇的腦袋","專吹涼鳳(比喻打擊彆人的熱情，專門散布冷言冷語。)"
"擦胭粉進棺材","死要麵子"
"財神爺休妻","不為空人著想"
"裁縫的尺子","量人不量己"
"曹操遇蔣乾","倒瞭大黴"
"菜園裏的辣椒","越高越厲害"
"唱戲的穿龍袍","成不瞭皇帝"
"廁所裏吃燒餅","難開口"
"茶壺有嘴難說話","熱情在裏頭"
"廁所裏耍筆杆","醜(臭)聞(文)"
"踩著肩頭往頭上拉屎","硬欺負人"
"裁縫師傅買田","韆真(針)萬真(針)"
"白骨精見瞭孫悟空","現原形瞭"
"八十老太學吹打","上氣不接下氣"
"八旬奶奶三歲孫","老的老，小的小"
"霸王請客","吃也得吃，不吃也得吃"
"叭拉狗咬月亮","不知天多高"
"白骨精裝袋新娘","妖裏妖氣"
"把手插在磨眼裏","自找苦吃"
"被窩裏放屁","能文(聞)能武(捂)"
"病床上摘牡丹","臨死還貪花"
"靶場上練瞄準","睜隻眼閉隻眼"
"百歲老人過生日","難得有一迴"
"半個月綉不齣一朵花","真(針)慢"
"百傢姓上少瞭第二姓","缺錢"
