3,"一 隻 豬食 十二 桶 潘","大肚"
3,"海結 仔無抹油","憨頭 憨面"
3,"烏糖 攪 泔","米糕 瘍"
2,"八仙 過海","各顯 神通"
3,"羅 漢 骹 仔請 觀音","一客 九 主人"
3,"米 篩目 包餡","朆 做 咧"
3,"菩薩 放屁","神氣"
3,"鴨 仔過 溪","無潦無聊"
3,"觀音媽 偷 食魚 仔 膎","冤枉 人"
3,"台北人 唱思 相起","南腔 北調"
3,"老牛 拖車","行 一步 算 一步"
3,"豬 八戒 嫁 小妹","免看"
3,"火燒 東港","全無網 全無望"
2,"放尿 搣 鹹 菜","順續工"
1,"烏龜 碰著壁","罔 掠"
3,"龜 爬 戶 埞","看 按 怎 翻身"
1,"牛 蜱","有入 無出"
3,"孤兒院","老不收 老不修"
3,"棺 柴頂 黏 尪 仔","朆 堪 得 弄"
2,"金斗 甕入 水","激骨"
1,"三碗 飯 兩碗湯","相 倚傍 兩 夫妻"
3,"跋落 屎 礐 仔","臭 人"
2,"大腹 肚拉褲","無差"
1,"寡婦 無愛嫁","老守 老手"
3,"鴨母 給雞角 仔搭著","呣 達 呣 值"
1,"竹 栱 底夾 土豆 仁","一粒 一"
2,"烏仔 魚箭水","呣 認輸"
1,"瘂 口 相 唚","好到 無話講"
1,"四兩豬 肉切 兩盤","好看 佫 省 錢"
3,"樹林 內放風 吹","紇 紇 纏"
3,"石火 唱歌","煩惱 朆 了"
2,"村長 甩 撚 骰仔","緊著 看 無"
3,"檨 仔 在 欉 黃 的","無穩"
1,"十二月 芥菜","有心"
3,"棺 柴底 辯話 骨","死 諍"
1,"成吉思汗 放屁","有元氣"
2,"雞母 屎","半烏白"
3,"乞食 爭巷 仔頭","爭 小利"
3,"鴨蛋塞 石車","無 採工"
1,"青 瞑 娶 娒","暗爽"
3,"機關安 佇倉 庫","其中 必有 緣 故"
3,"土地公 看京戲","亂 糟 糟"
3,"狗 咬 鳥鼠","管閒事"
3,"露螺 爬 去 竹篙 尾","盡磅"
3,"囡 仔食 田螺","吱吱 啾 啾"
3,"肚臍 抹粉","醜臍醜 才"
3,"阿明 賣魚 仔","量 約"
3,"七個 人 睏 兩頭","顛三倒 四"
3,"竹篙 尾纏 麵 線","紇 紇 纏"
3,"狗 咬 烏龜","找無頭"
2,"蠓 仔叮雞 蛋","無孔 不入"
2,"仙人 扑鼓","有 時錯"
3,"乞食 下大願","不能 實現"
3,"長 工興 落雨","歡喜 歇 睏"
3,"草茨裝 鐵窗","無四配"
3,"大 水流 破布","流到 破留 到 破"
2,"青瞑爬 樓梯","自摸"
2,"西北 雨","大落"
1,"裁縫 師掛 目鏡","認針 認真"
2,"初 一早 見面","攏 講好 話"
1,"火燒林 投","朆 死心"
2,"新婦","不孝 公投"
3,"新婦 向 大倌 借錢","挪用公款"
3,"八戒 成仙","豬哥 神"
1,"半 暝 吹 電風","暗爽"
3,"胡萬立 騎 烏托醜","食到 今旦 日"
2,"一 骹 踏上 磅 仔台","舉足 輕重"
3,"無奶 假病子","裝暢"
3,"關門 扑 狗","無地 走"
3,"西螺 畚箕","捾 一支 喙"
3,"查甫 人夢洩","走精"
3,"炮仔 浸水","一聲 不響"
1,"瘟 痀 娶 大肚","合合"
3,"司機 辭職","想 呣 開"
3,"棕 蓑 胡 螓","食毛食 無"
3,"擔 沙 坉 海","無 採工"
3,"一個 人食 圓仔","獨吞"
3,"飛行 機頂 彈琴","高調"
2,"半斤 換八兩","誰 也 無食 虧"
1,"清明 無轉 去 茨","無祖無阻"
3,"老壽星 唱曲","老調"
3,"先生 節脈","摸 栱 罔講"
3,"空手 捕魚","無 劉無望"
1,"缺 喙 賣 蜊 肉","合合"
3,"瘟 痀 放屁","彎曲 冤曲"
3,"食紅柿 配燒 酒","存辦 死"
3,"臭耳聾 醫生","無 聽 病人 咧 呻"
1,"老人 食補","老熱"
3,"幼齒 嫁 老 尪","足醜 潲"
3,"用 麵 線 網鴨母","一去 無回"
2,"烏矸仔 貯 豆油","無底 看"
2,"神明 跋落 溝底","流神 留神"
2,"掖 尾 狗","假鹿 假樂"
2,"線 穿針","拄 仔好"
2,"見面 流鼻血","親 就是 親"
3,"便 所 蠟燭","臭火 臭 颺"
3,"火燒 乞食 寮","禍 不 單行"
3,"在 欉 黃 的","無穩"
3,"半路 斷 畚擔","中斷"
3,"火燒 網仔 寮","無網 無望"
3,"庒 骹 鑼 鼓 陣","咚咚 喳 冬冬 慘"
2,"摸蜊 仔 兼 洗褲","一兼二顧"
2,"城隍 爺 出巡","大戴誌"
3,"大雞公 呣 食 碎米","看 無 在 眼內"
3,"內山舉 人","草地 倯"
3,"半斤 拄 八 兩","呣 知輕重"
2,"海口 囡 仔拔 牌仔","無 插"
3,"大船 入死港","無路駛"
1,"腹肚 內駛船","內航 內行"
3,"頷頸 生瘤","拄 著遇 著"
3,"蠓 仔叮膦 脬","歹扑"
3,"鬼 仔算 舊帳","活該"
3,"澎湖 菜瓜","十 棯 雜 唸"
3,"日本 藝妲","大色"
3,"食滾 水放 茶 米 茶","火 大"
3,"本山 人","散仙"
3,"泉州人 賣 米粉","無汝份"
2,"鴨仔 聽雷","聽 無"
2,"火燒 相館","燒相 相同"
3,"吊鼎","無米通 煮"
1,"路邊 莧菜","閒莧 榮幸"
2,"攑 刀割 肉","戮 落 去"
3,"四面 桌欠 一 骹","朆 在 朆 多"
3,"籠床貓","顧 粿"
3,"尻 川 夾火 金姑","裝星"
3,"瘟 痀 扑 拳頭","出力 佫 歹看"
1,"囡 仔食 甘蔗","嚐到 甜頭"
3,"碗公 煎 茶","擋 朆 稠"
3,"囡 仔食桌","搣 了 沒 了"
3,"客人 仔賣花 矸","朆 給人姦"
3,"烏人繪 烏人","無影 無跡"
1,"裁縫 做衫 無用尺","自 有分寸"
3,"大石 頭底 毛蟹","壓霸"
3,"尿桶 缺 喙","礙膦"
1,"燈火尾 在 倒 光","迴 光 反照"
3,"閻羅王 無 戴帽","鬼頭 鬼腦"
3,"日本 凊 飯","壽司 輸死"
3,"石火 唱歌","煩惱 佫 再 煩惱"
1,"蘇州 目鏡","在 人合目"
2,"烏雞生 白雞蛋","事實 如此"
1,"無牙 仔食 豆腐","拄 拄 好"
3,"七月 半鴨","呣 知死"
3,"武器 外銷","出口 傷人"
3,"外嬤死後生","沒舅 了 沒救 了"
3,"羅 漢 骹 仔","四 界 踻"
2,"查 娒 人 喙 齒","女牙 汝 的"
3,"郵差 扑 呣 見 批","失信"
3,"瘟 痀 放屁","彎曲 冤屈"
3,"大炮 扑茨鳥 仔","真無採"
3,"食 蟳","愛 栱 愛講"
3,"墨 鰂 仔 頭","無血無目 屎"
2,"半 暝 死 尪","誤妻 梧棲"
3,"兩代 的 寡婦","無公夫 無 工夫"
3,"菜瓜 摃 狗","去 一截"
1,"乞食 返茨","到 營倒贏"
3,"乞食 婆做 月 內","愛啥 物 無 啥 物"
1,"自動車 輾死 牛","沒事"
3,"接骨 館 看做 排骨 飯","差多 囉"
3,"白矸仔 貯 墨水","烏到 心"
2,"有 應公廟 的 象杯","結做伙"
3,"看三國 演義流 目屎","替 古人 擔憂"
2,"裁縫 做衫","要 量身 要 良心"
1,"國民黨","食免 驚"
3,"矮 仔人 騎馬","上下 兩難"
3,"死蛇","朆 翻身"
3,"查甫 人 穿奶 䘥 仔","朆 博假博"
3,"吳郭魚 仔假 赤 鯮","無夠紅"
3,"乞食 跋倒","摔 栱 哈講"
3,"水淹 到 頷 頸","拄 著"
1,"八芝蘭 米糕","食有續"
3,"番仔 牛","無 桊 鼻 無 管制"
1,"有 箌 柄","好櫸 好額"
3,"草 人 扑火","自身 難保"
3,"灶君 上 天庭","灶話 奏 話"
1,"查 娒 嫺 嫁 大 爺","好 名聲"
3,"金山 查 娒","礦區 女控 固力"
3,"乞食 趕廟 公","天地 顛到 摒"
3,"未曾 燒香 扑斷 佛手","青狂"
3,"荷蘭 汽水","食一點氣"
2,"膦 屌 入 烏豆","假目"
3,"孔子 搬茨","攏 書 攏 輸"
3,"狗食 麥片","食 朆 消"
1,"土地公 呣 驚風雨","老神在在"
3,"反共 義士 轉去 大陸","反起 反倒"
3,"鳥鼠 走入 冊房 內","食本蝕 本"
3,"縣 老爺 落 轎","步行 不行"
3,"乞食 做 皇帝","呣 知 按 怎 做"
3,"傀儡 尪 仔","有 抽 即 有 震動"
1,"縣 老爺 審 老爹","公事 公辦"
2,"蕭公 豆油 錢","用劃 用 話"
2,"青瞑掠 龍","手面 趁食"
3,"與 日本 人 喝酒","大矸大奸"
2,"姜太公 釣魚","願者 上 鈎 願者 成交"
3,"茫霧 看花","愈 看 愈花"
3,"烏牛大影","好看 無好 食"
1,"落花 滿地","都 謝多謝"
3,"叫 秀才 擔擔","挑擔 刁難"
2,"庭 鶖 仔 拍手 槍","有紀錄 喔"
3,"新來 新娘 月 內 幼子","僫 款待"
3,"骹 頭窩 戴 宣帽","呣 是 人面"
3,"大 麵 炒 圓仔","紇 紇 纏"
3,"客人 仔 穿鞋","著靴 足壞"
3,"乞食 過 日子","靠別 人施 捨"
3,"無牙仔 唸 祭文","含糊 其詞"
2,"中藥食 朆 好","換帖"
3,"海龍 王辭水","假細膩"
3,"麥芽膏 罐頭","愛人 撟 愛人 譙"
3,"棺 柴底 鳥鼠","吵死 人"
2,"土 公仔 洗手","坮 完台灣"
1,"矮 仔人 爬 樓梯","步步高升"
3,"閻羅王 心機","詭計 多端"
3,"空 喙 哺舌","食言"
3,"老阿婆 生子","真 拚"
3,"烘 鱔魚","燒鰻 相瞞"
2,"老和尚 扑囡 仔","無 即款 戴誌"
2,"萬一仔 食枝 仔冰","一牛車"
2,"土地公 帶班","勞神 了"
2,"皇帝 的 娒","娘娘 涼涼"
1,"棉被 內 放屁","能聞 能 摀 能文能武"
1,"孔子 公 放屁","文氣 沖 天"
2,"帝爺 公童 乩","事事 介在 汝家己"
1,"和尚 行當店","廟 急妙極"
3,"關門 做 皇帝","自滿 自大"
3,"半路 斷 扁擔","中斷"
3,"呣 知輕重","無 度量 無 肚量"
1,"頭殼 戴電扇","佔 上 風"
2,"八十 歲 童生","無考 無不考 無 可 無 不可"
2,"老幼 皆 好人","大細善 大細 疝"
3,"外省人 食 檸檬","酸溜"
2,"張天師 落海","摸怪 莫怪"
3,"樟腦 寮 蠓 罩","厚 操煩"
3,"老猴 穿 花衫","無四配"
3,"貓仔 爬 樹","無成 猴 無 成樣"
3,"天公 的 帳簿","大冊 大恨"
3,"狗 舐 淺盤","鼻有 食 無"
1,"燒鼎 炒 蝦 仔","連蹦帶 跳"
3,"拍賣 貨底","凊 採講 講咧"
3,"阿 啄 仔穿 西裝","大軀 大輸"
3,"路燈","一葩 火一腹 火"
1,"閻羅王 的 查 娒 子","查 娒 鬼 仔"
3,"牛 牽到 北京 嘛 是 牛","朆 變"
3,"尼姑 頭殼 頂 插花","無 髮 無法"
3,"呂洞賓 的 棉被","蓋仙"
3,"彰化 鹿港","施 一半 死 一半"
3,"飛行 機頂 寫 文章","高論"
3,"七元 對分","不三不四"
1,"六出 祁山","拖 老命"
3,"起茨 按半料","誤算"
3,"青瞑挨弦仔","無譜"
3,"二 三五 六七","無一無四無衣 無食"
2,"九塊 碗 十个 人客","加 人 基隆"
2,"烏矸仔 貯 豆油","看 朆 出來"
3,"水 牛腹 肚","草包"
3,"日本 美食","給伊死"
3,"牛角 內的蟲","硬 鑽"
3,"違章 建築","無照 起工"
3,"人心 隔 一堵 牆","歹看"
3,"閻羅王 娶 娒","姦鬼奸 鬼"
2,"茶 盬 內撈 豬肉","撈 無 姑婆"
3,"做師 公貿 哭","包死"
1,"棉被 內 放屁","獨響 獨享"
1,"阿督 仔食 雞 蛋糕","客氣"
3,"銀行 的 會計","待幣 待 斃"
1,"銅銀買紙 靴","雙人暢"
3,"棉紗 浸水","歹紡"
3,"白賊 七仔 講古","騙 戇 人"
2,"木師 仔鋸 柴 箍","東一鋸西 一鋸東 一句 西 一句"
2,"青瞑食 圓仔","心內 有數"
3,"石壁 釘 鋼釘","硬 拄 硬"
1,"紅毛塗 攪水","搞 硬 搞定"
3,"鼎內 炒 螞蟻","走 投無路"
3,"趕鴨仔 上架","強人 所難"
3,"十二月 天 翻新 茨","寒死"
2,"矮 仔人 看戲","聽聲"
3,"十個 一角 交落 塗 骹","一箍 散散"
3,"師公 吹法螺","嚇鬼"
1,"貓仔 俥 倒 糜","狗 暢夠 爽"
3,"阿公 娶 娒","加婆"
2,"尻 川 生粒 仔","朆 坐 無多"
2,"省 主席","省 煮熟 沙西米"
2,"閃開 借過","朆 擋 路麥 當勞"
3,"先生 搬茨","冊 就是 冊恨 就是 恨"
3,"青 瞑 洗身 軀","亂 沖 亂衝"
2,"恆春設 機場","有機 可 乘"
3,"有 應公童 乩","講鬼話"
3,"頭毛糊 藥膏","有 毛病"
3,"弄 破 鴨 蛋","抔 仁不仁"
2,"洞簫 吊 喙 鬚","震動 甩"
3,"火車頭 出煙","白氣"
1,"火燒 紅蓮寺","廟災 妙哉"
3,"青瞑看 電影","目中 無人"
3,"阿里山 杜定","青 骹 生手"
3,"青瞑掛 目鏡","無路 用"
3,"山頂 水窟","愛乾"
2,"塗豆 剝殼","愛仁愛人"
1,"老 甘蔗 頭","老根節 老 斟酌"
3,"五支 手指 頭仔","三長 兩短"
3,"墓 仔埔 放炮","驚死 人"
3,"放屁 脫褲","多此 一舉"
3,"喙 鬚 糊 膏 藥","有 毛病"
3,"東埔 的 衙門","無 咧 聽"
3,"倩 鬼 醫病","包死"
1,"九個 人分 十 塊 粿","有量"
3,"虱目 魚落 鼎","唉唉叫"
3,"菩薩著 賊 偷","失神"
3,"瘟 痀 翻 畚斗","食力 佫 歹看"
3,"十全 欠 二味","八珍"
1,"三分 錢 分二個","一是一 二是二"
3,"褪 腹 裼 接人客","失禮"
1,"大箍食 肥豬 肉","加油 加油"
2,"斑鳩哮","咕咕 咕 久久 久"
3,"開電風","風流"
2,"黃 麻布 做 內褲","看 現現"
1,"缺 喙 食 薰","有 噗 有 譜"
2,"一角 分作 兩半","五分 五分"
2,"尻 川 夾算盤","步步 算"
2,"無牙 仔食 甘蔗","加減 舔"
1,"畢業 紀念 相","百面"
3,"乞食 拜公媽","卸祖公"
3,"秀才 看 遺書","讀死冊"
1,"田 中央 起廟","種宮 正經"
3,"牽豬哥","趁暢"
3,"塗牛 入海","一去不回"
3,"熱天 穿 皮 裘","呣 是 時陣"
3,"蕗 蕎 蔥","不成 蒜 不成 算"
3,"剃頭店 歇 睏","無理 髮 無汝法"
3,"九月 蟳","無膏"
3,"永靖 枝仔冰","冷冷 硬硬"
3,"米粉 筒","百百孔 代誌 真多"
3,"硬 脾","朆 消化"
3,"尻 川 歕 嗶 仔","放屁"
2,"一 世人 嫁 一個 尫","不二 媳 不二 價"
3,"外甥 仔 娶 娒","了 聯 了然"
2,"雞母 拄 著 一墩","塗蚓 總統"
3,"囡 仔 和尚 唸 經","有口 無心"
3,"蠓 仔 叮 牛角","無 採工"
3,"日本 人 的 刨刀","顛倒 刨"
3,"冷氣間 講話","冷言 冷語"
3,"古早 的 水缸","甕肚"
1,"籠床 提 粿","穩著 的"
3,"囡 仔食 毛蟹","愛 栱 愛講"
2,"儉錢 買 檳榔","留後哺 留後步"
3,"開冷氣","下流"
3,"一粒 田螺 九碗 湯","無味 無素"
3,"老和尚 唸 經","老套"
2,"員林 車頭","普通 普通"
2,"蚵 仔 炒蔭豉","食死 嘛 甘願"
3,"蕃 仔 喙 鬚","無半撇"
2,"日本 人 的 分多式","假褲 假酷"
3,"囡 仔 做 大戲","做 朆 來"
3,"六二","五四三"
3,"鴨蛋 丟過 山","看破"
1,"西瓜 藤搭菜 瓜棚","出鋒頭"
3,"雞 仔子 的 阿 嬤","雞婆 加婆"
3,"三十 暗 暝 看 月亮","無亮 無望"
2,"利刀 切 豆腐","兩 面光"
1,"包公 斷案","鐵面 無私"
3,"擔柴 入山","顛倒 摒"
3,"火燒 銀紙 店","劃給 土地公"
3,"地球 是圓 的","相 拄 會 著"
2,"三頓 食無飽","餓肚 五堵"
3,"外行 頭家","害死 薪勞"
3,"瓜笠 仔 扑 呣 見 去","帽失 冒失"
3,"狗頭 滴 著 麻油 滓","食 朆 著"
1,"外省人 食 麵 線","麵 線免 仙"
3,"放尿 攪沙","朆 做 堆"
3,"韓信 分 粿","乞食 無份"
3,"雞母 抾 食","答 喙 答舌"
2,"桌頂 的 桌布","搵 起 穩起"
1,"高射炮 手","見機 行事"
3,"北 斗牛 販仔","套 好好"
3,"竹籃 仔撈 水","一場 空"
3,"稿紙 寫 到邊","無夠 格"
3,"山河 食肉 粽","硬 吞"
3,"破船 拖入 港","漏不修 老不修"
2,"舊 社囡 仔食 點心","公食 公開"
3,"瘂 口 仔食 苦瓜","有苦 難言 有口 難言"
3,"阿超 發膦 毛","據 在 伊去"
2,"甲乙 仔割 韭菜","底 仔夭有"
2,"烏雞 母生 白雞蛋","無 稀奇"
3,"和尚 騙囡 仔","雞姦 加幹"
2,"水晶 目鏡","在 人合目"
2,"四兩雞 仔 半斤 頭","大頭 雞大頭家"
3,"老人 喝酒 醉","老番顛"
3,"穿 䘥 仔扭到 無袖","本來 就 無"
1,"楊貴妃 唱歌","有聲 有色"
3,"三 更 半 暝 出世","亥 時 人 害死 人"
3,"孫 悟空 叫 八戒","師弟 輸多"
3,"師公 唸咒","死訣"
2,"大門口 的 春聯","年 年 有"
3,"天公 喝燒 酒","天 酡 顛憒"
3,"麥當勞","朆 擋 路"
2,"一間 貨賣 了 了","通銷 通宵"
3,"蔭豉 炒 蕹菜","落孔 落空"
3,"一條 索仔 扑 歸百個 結","僫 敨"
3,"戴 火炭 籠","做 烏龜"
3,"師公壇 有鬼","無 可能"
3,"膦 屌 拄 著壁","呣 知頭 尾"
3,"螿 蠩 展 氣 功","膨風"
3,"台 灣 蟳","無膏"
3,"上帝 公拔 輸 筊","摃 龜"
3,"鯽 仔魚 食著 油粕 仔水","摒肚"
2,"白布 沾 著 黕 仔 膠","歹洗 歹勢"
3,"喙 唇 皮 抹 油","滑溜 秀"
3,"三代 粒積","一代 開空"
1,"尻 川 行經","當紅"
3,"矮 仔人 潦水","拄 膦 賭爛"
2,"女首領","無 鬚 老大"
3,"尻 脊背 痰壺","據 在 人 呸 瀾"
1,"阿美 摸 著 膦 屌","阿彌陀佛"
3,"奶母 抱囡 仔","別人 的"
3,"眠 床 骹 放風 吹","朆 衝"
3,"六月 毛蟹","無膏"
1,"水鬼 變 城隍","高升"
2,"乞食 賣 筊 蔗","轉途"
3,"豬哥掛 鞍","呣 是 馬 呣 是 買"
1,"三藏 的冊","真經 正經"
3,"十粒 雞卵 九 隻 雞 仔子","一個 壞 蛋"
3,"用 矸 仔承 雨水","矸承 奸臣"
3,"青瞑看 告示","看 無"
2,"草人 披 椶 蓑","假鬼 假怪"
1,"芋仔 炒 米粉","正味"
2,"福州 城","假京假 驚"
2,"瘂 口 仔 扑 官司","用手 比卡緊"
1,"老牛 換老馬","雙人暢"
3,"孝悌忠信 禮義廉","無恥"
3,"三藏 的 匾擔","擔經 擔驚"
3,"瘟 痀 睏 椅條","朆 直"
3,"水牛 過溪","厚 屎尿"
3,"擔屎 朆 偷吃","假 古意"
3,"客人 仔穿 皮鞋","著 皮鞋 足 悲哀"
3,"矮 仔人 看戲","跟 人 扑 拍 仔"
2,"三 叔公 賣 荖 葉","拄 仔好"
3,"提 火炭 做 枕頭","烏頸 烏龜"
3,"棺 柴底 煉 豬油","死 炸死 諍"
3,"犀牛 照角","見面 就觸"
3,"矮 仔人 爬茨頂","欠梯 欠 推"
1,"仙人 放屁","不同 凡響"
3,"尻 川 有 幾支 毛","看 現現 咧"
3,"老猴 爬 竹篙 尾","無步"
2,"大樓 電梯","起起落落"
2,"街仔路 的 青紅燈","逐家 看"
3,"尼姑 給 蠓 仔 叮","用 歕 的"
3,"丁梅 仔給 請","假無意"
3,"二元 開 五角","一箍 五毛 一箍無毛"
2,"彌勒佛","好笑 神"
3,"戲棚 頂 的 皇帝","做無久"
3,"一 屎 礐 仔 看 三 擔","差遠 咧"
3,"向善 仔援 公事","拄 仔好"
2,"暗時 走路","無影"
3,"二 三五 六七八九十","無一無四無意 無思"
3,"乞食 背葫蘆","假仙"
3,"白布 加落 去 染缸 內","洗 朆 清氣"
3,"刣 豬 仔 送 禮","提心 吊膽"
3,"愚人 拜公媽","那 看 那 無來 食"
3,"路邊 的 尿桶","眾人 漩"
2,"敏捷 仙禁 尿","朆 呣 是 朆"
2,"陳 世美 犯法","包辦"
1,"鳥鼠 爬 竹篙 仔","一目 通 一目"
3,"反攻 大陸","講瘋話"
1,"屎 礐 仔 內 掏 屎","真便"
3,"八仙桌 欠 一支 骹","擺 朆 平"
3,"中 寮 人食 甘蔗","無斬節"
3,"半 暝 仔看 日頭","夭早 咧"
2,"青瞑讀冊","罔 看"
2,"白矸仔 貯 清水","看透 過"
3,"棺 柴底 伸手","死愛錢"
1,"孝男 跋倒","挒 斗"
2,"缺 喙 叫 妹婿","密煞"
3,"菜頭 開花","花心"
2,"十二月 屎 桶","盡 摒"
2,"喙 唇 糊糊 仔","歹開 喙"
2,"門牌 第一 號","頭家"
3,"雞仔 啄 鈕仔","無採 啄"
1,"黑松汽水","上衝"
3,"塗州 賣 鴨 蛋","死 了"
3,"鴨 寮 內 無 隔 暝 塗蚓","留 朆 稠"
1,"一二三 五 六七","無四無事"
3,"尿桶 開花","散 了 了"
3,"老牛 拖車","載貨 災禍"
3,"蜈蚣 趖 入 去 螞 蟻 巢","該 死"
3,"猴 穿 衫","成人"
3,"狗食 糯米","朆 變"
3,"鹽 甕 生虫","無 即款 戴誌"
3,"頭殼 頂 插 葵扇","出風頭 出鋒頭"
3,"閹雞 拖 木屐","隨趁 隨食"
3,"軟土","深掘"
3,"澎湖 鵁 鷦","無情 無義"
1,"雷公 相扑","鬧 翻天"
3,"乞食 做 忌","無半碟 無半撇"
1,"三月 尾 桃花","都 謝 了 多謝 了"
3,"煙囪 栱 破孔","歹 栱 歹講"
2,"老阿婆 哈肺","一望 無牙 一望 無涯"
3,"天燈 點火","飄飄然"
1,"牛觸 親姆","對 對"
2,"阿強 仔食齒 粉","涼涼"
3,"上帝 爺公 放屁","神氣"
1,"紅 龜 粿 抹 油","媠 面"
3,"五月 種茄 仔","無結果"
1,"客人 仔磨 鉸 刀","無 簡單"
2,"乞食 做 忌","沒 什物 沒什麼"
3,"褲頭 插香","膦 神"
1,"老壽星 扑算盤","老謀 深算"
3,"剉 大樹掠 飛鳥","愚大呆"
3,"師公 唸咒","呼神 風神"
3,"無牛駛馬","不得已"
3,"三斤 貓咬 四斤 鳥鼠","不自量力"
3,"日本 人 扑 呣 見 粉鳥","無哈度 無 法度"
3,"賴卯 請 人客","該來 無來"
2,"火燒 竹 仔林","無竹殼 無的確"
2,"道士 唸 經","照本宣科"
3,"背 棺 柴 問路","找死 路"
3,"賊 仔 扑 官司","穩輸"
3,"過桌 拈 柑","僭 權"
3,"無 桊 鼻 的 牛","亂 竄 亂 闖"
3,"耳孔 塞 桌布","假無聽 著"
1,"裁縫掛 手指","頂針 頂 真"
2,"田螺 趖 過","有痕"
2,"尼姑 生 囝","罕咧幾時"
1,"十二月 肉湯","穩凍 穩當"
3,"六月 龍眼","白核白 囫"
1,"台南 擔仔 麵","食好鬥 相報"
2,"青瞑顧 柑仔","罔 嘩"
3,"屎 桶 開花","屎 大 了 事大 了"
3,"蠓 仔 叮 菩薩","看做 人頭 看錯 人頭"
2,"細碗 食飯","靠 添靠天"
1,"尼姑 相扑","無鬃 通 搝"
3,"甘蔗 無 剝葉","無目"
3,"月娘 下 看影","那 看 那大"
3,"布袋 戲 演出","幕 後 有人"
1,"乞食 抾 著黃金","暢死"
3,"墓 仔埔 做戲","鬼 欲 看"
1,"日落西山","上紅"
1,"陸軍與 空軍相戰","射天射 地 謝天 謝地"
1,"一孔 掠雙 隻","好孔"
1,"憨狗松 嫁 查 娒 囝","看貨"
2,"大佛 仔削 甘蔗","箌 咧 即 知長"
3,"大 箍 好看 頭","刣 無 肉"
3,"瘟 痀 仔 泅水","彎 泅 冤仇"
3,"六月 棉被","揀 人蓋"
2,"頭家娘 難產","生理 子 歹生"
3,"生理 人 擔大肥","賣 屎 朆 使"
2,"大嚨 喉 叫 人","好 喊 好險"
2,"大 娒 無 佇 茨","小吵"
3,"一鹿 九 鞭","假 的 較 多"
2,"三個 人放 無 屎","無便 無變"
3,"和尚 化緣","無寺 無 是"
3,"鵁 鴒 學 講 話","跟 人 喙 尾"
3,"田蛤仔攬芋 莖","蕩 拐"
1,"長 頸 鹿關 在 羊群","非常 突出"
2,"茨 頂尾發 白菜","強發"
3,"阿 戇 娶 媠 娒","錢的關 係"
3,"半 暝 仔記帳","暗算"
3,"美國 西裝","大軀 大輸"
3,"食 滷 蛋 配 高梁酒","穩死"
3,"皇帝 尿壺","國 鼈 固執"
2,"鬼 仔摸 閻羅 王尻川","好膽"
3,"幼稚 園 招生","老不收 老不修"
3,"坐船 攑 雨 傘","無天 無地"
3,"瘟 痀 他 茨","彎家 冤家"
3,"閻羅王 講話","鬼 聽 有"
1,"青 瞑 挽 菝 仔","穩當"
2,"鎮守 古廟","老神在在"
1,"草地 親家 坐 大位","人 倯 禮 朆 戆"
3,"塗豆 滴落 去 豬血湯","血仁 廢人"
1,"一目 仔 看戲","一目了然"
2,"茴窯 籬笆","朆 摸 咧"
3,"鼎底 的 螞蟻","走 投無路"
2,"魁星 落海","未必"
2,"囡 仔痛 風 老人 疳積","無 即款 戴誌"
2,"缺 喙 興留 喙 鬚","假勢 架勢"
3,"尼姑 走 了 了","空庵"
2,"老 妓女","耐 膣 荔枝"
2,"閹夫","斷根"
2,"畢業 證書","出師表"
2,"和尚 返去 北京","倚 歸 爿"
3,"和尚 攑 雨 傘","無 髮 無天 無法 無天"
3,"鳥鼠入 風箱","兩頭 受氣"
3,"猴齊天 做 投手","豬哥 承豬 哥神"
3,"和尚 分家","多寺 多事"
3,"鳥鼠 仔嫁 查 娒 囝","吱吱喳喳"
3,"落 雨天 出太陽","假晴 假情"
2,"主席 就位","台 中"
2,"先生 娘寫 的","細字 細膩"
3,"三 骹 螿 蠩","歪 肩 故意 為 難"
1,"關公看 春秋","一目了然"
2,"螞蟻 爬 樹","隨人 拚"
3,"瘋狗 四界 走","死 啊"
3,"十二月 天講話","冷言 冷語"
3,"老伙仔 穿針","找孔 找 縫"
3,"茨間 內 踢 骹 球","四界 碰壁"
3,"北港 香爐","人人 插"
3,"囡 仔 行路","小人 步"
3,"阿婆 仔大 腹肚","公暢 講暢"
3,"頭殼 頂 生粒 仔","額外 負擔"
3,"鴨 蛋 錣 籤","滴滴答答"
1,"三房 二廳","好廳 好 聽"
3,"三寶師父","無夠 看"
2,"囡 仔穿 大人 木屐","伸 後 偆 後"
3,"烏 鶖 騎 水牛","無四配"
2,"黃 縣長 批簽 呈","半 照准"
2,"斷線 風 吹","無 牽無掛"
3,"目 睭 皮 無 漿 泔","有 眼不識 泰山"
3,"瘟 痀 朝 天子","真歹 看"
2,"校長 無來 隨人","食家己"
3,"烏人食 火炭","烏食 烏"
3,"閻羅王 無米","枵 鬼"
1,"老 道士 放屁","句句 真言"
3,"出山 即要 請 醫生","朆 赴"
2,"尻 川 箌 柄","好 攑 人 好 額 人"
3,"和尚 撐船","無 髮 渡 無 法度"
3,"捧 糖 仔 無 洗手","黏漓漓"
3,"林 投葉 拭尻川","去 倒裂"
3,"新婦 見 大家","拜 了 敗 了"
3,"鍾 馗 嫁 小妹","鬼婚 鬼混"
3,"無牛駛馬","暫度"
3,"雷公 仔子","夭壽"
1,"老爺 過渡","該載 佳 哉"
3,"姜子牙 釣魚","線仙"
3,"買","四 骹 咧 馬"
2,"田螺 唅 水 度 過 冬","候時機"
3,"杉仔行","柴多 咧 差 多 咧"
3,"木蝨","食客"
3,"林生財","下 骹 呰 條"
3,"剃頭店 失電","歹 剃頭"
3,"半 暝 鬼 擃 門","無 好心"
2,"青瞑看戲","跟 人 笑"
3,"日本 人 叫 陳 老師","真 鹵 死"
3,"大海 中摸刀","撈 刀 嘮叨"
3,"閻羅王 開飯 店","鬼敢 食"
3,"違章 建築","亂蓋"
3,"人客 罰 徛","無 椅子 無 意思"
2,"北平 博物 館","故宮 雇工"
3,"溪底 的 蕃薯","免 摳 洗"
2,"火燒 墓 仔埔","燻 鬼 煙 鬼"
3,"老人 娶 娒","罔 暫渡"
3,"鬼 仔騙 城隍","無赫 簡單"
3,"菜脯 搵 豆油","加 了 的"
2,"剃頭師 父教 徒弟","對頭 開始"
3,"大 蛇 趖 朆 過 去 田 岸","寬 寬 仔 趖"
1,"大 娒 扑 細 姨","大 出手"
2,"客人 歕 鼓吹","嘟嘟 吼 拄 拄 好"
3,"瘟 痀 跋 落海","彎 泅 冤仇"
3,"元旦 摒日 拆","第一回"
3,"破 喇叭","朆 歕 咧"
2,"外省人 剉 柴","無柴 無差"
1,"尿桶 蜈蚣","驚人 的 膦"
3,"共 瘂 口 問路","無 採工"
3,"王見 王","死棋 死期"
3,"棺 柴內 唱歌","呣 知 死活"
3,"米 甕 仔當 鐃","無米通 煮"
1,"關門 賣 癩哥藥","名聲 諳"
3,"一盤 魚脯 仔","全全頭"
1,"尼姑 相扑 搝 頭 毛","無 即款 戴誌"
2,"茄仔 開黃花","變相"
1,"阿哥 蹛 樓 頂","哥哥 在 上 高高在上"
3,"小魚 追 鴨 仔","找死 找事"
2,"火燒 豬頭","面熟 面熟"
3,"四十 減二","三八"
3,"戲棚 頂 尪 某","有名 無實"
3,"囡 仔食 甘蔗","食少 吐 多"
2,"棺柴 內 叫 醫生","死裡 求生"
3,"硞 仔頭","無 面子"
3,"人 趁 錢 龜 爬 壁","真難"
2,"接骨 師父","箌 骹 手"
3,"人來 客去","請 佫 辭"
1,"禿 仔駛 噴射機","突飛 猛進"
2,"青瞑貓 咬 著 死 雞","死 嘛 呣 放"
3,"客人 仔種 蕃薯","存辦 死"
3,"墓 仔埔扑 麻雀","吵死 人"
2,"火燒 目眉","眼前 的 事"
3,"高速公路","無人道"
2,"鴨母 喙","罔叨罔撈"
3,"毛蟹 行路","橫行"
3,"肚臍孔 放屁","怪氣 怪事"
2,"鴨母 放落 埤","去 著 呣 知通 返來"
2,"禿頭 出家 做 和尚","免費氣"
3,"狗吠 雷","無 採工"
3,"青 瞑 放炮","黑白 彈"
3,"徛 飛 魚 放屁","臭氣 衝天"
3,"連續 落三個 月 雨","無晴 無情"
3,"囡 仔膦","硬無久"
2,"青瞑行 暗路","熟地"
3,"瘟 痀 相 偃","歹勢"
3,"山猴變 猴戲","無幾步"
3,"起茨 掠漏","掠孔 掠縫"
2,"飛行機 相閃","趐 拄 趐 實 拄 實"
2,"飛行 機頂 聊天","高談"
1,"雞 屎 落塗","三寸 煙"
3,"大人 穿囡 仔褲","不 容易 不容 你"
3,"外行人 拋魚網","亂 拋膦 脬"
2,"兩个 書生 相扑","覓筆 未必"
3,"童叟 無 欺","騙 中人"
1,"人客 放屁","客氣"
1,"十二月 甘蔗","倒頭 甜"
3,"關公 放屁","呣 知面紅"
3,"高空 跳傘","一落千丈"
1,"蒜頭 籠","盛蒜 勝選"
3,"甘蔗 歸枝 咬","無斬節"
1,"草茨掛 煙囪","稀罕"
3,"菜頭 擔去 蕃薯 市","錯 了"
3,"豬頭 皮","炸無油"
2,"關公賣 豆腐","由 你 切"
3,"日本 鼓吹","噠 噠 知"
3,"老人 留 喙 鬚","老不修"
3,"大道 公與媽 祖婆鬥法","風和雨"
2,"孔子 的 弟子","賢人 閒人"
2,"大樓 的 電梯","起起落落"
3,"石敢 當峙 街","鎮路"
3,"身體 感風 邪","去 問大眾爺"
3,"和尚 頭找 虱母","無端 生有"
3,"天要 落雨 娘要 嫁","無可 奈何 的 戴誌"
3,"博士班 畢業","無校 無效"
2,"八卦山","大佛 大核 大 囫"
3,"牽豬哥 扑 呣 見 錢","無採 潲"
3,"穿尼龍 的","看 現現"
3,"傳家 佛經","世世 唸 啐 啐 唸"
3,"算盤 籽","無大無細"
3,"三 更 燈火 五更 雞","苦讀 苦毒"
3,"火葬 場的 大鼎","炒 死 人 吵 死 人"
1,"炒熟 的 蝦 仔","紅仁紅人"
2,"一個 一斤 一個 十六","兩兩個 相當"
3,"七十 嗍 奶 喙 仔","老人 囡 仔性"
1,"文王 拖車","一步 一步 好"
3,"煌 仙 仔拔 喙 齒","七拔 八拔"
3,"小 尼姑 看嫁 妝","即 世人 無份"
3,"食芎 蕉 皮","失戀"
3,"買 鹹 水魚 放生","呣 知 死活"
1,"十五 暝 月光","大亮 大量"
3,"死囡 仔墓","無向 無盼"
3,"人肉 鹹 鹹","朆 食 咧"
3,"破雨傘","興展"
2,"瘂 口 談情 說 愛","比來 比 去"
1,"韓信點 兵","多多益善"
3,"台灣 糖籠","有 去 無回"
3,"缺 喙 食 鹹 菜","好 鹹 好險"
1,"秀才 見官","不 跪 不貴"
3,"空腹 肚 唱歌","哭 枵"
3,"貓面 照鏡","攏 是 缺點"
3,"一二四 五六","欠三欠 衫"
3,"三好 加一好","四好 死 好"
3,"掠免 仔","要 吐"
2,"瘟 痀 騎 駱駝","看 朆 出來"
3,"桶 箍 煏 開","散 了"
3,"產婆 摸尻川","外行"
2,"膦 屌 縛大索","歹束 歹算"
2,"尼姑 生 囝","暗中行事"
2,"新烘爐 新茶 盬","熱滾 滾"
3,"查 娒 人 放 尿","大喳大差"
3,"菜籃 仔貯龜","龜 骹 趖 出 來"
3,"禮義廉","無恥"
3,"眠 夢 食黃蓮","想 食苦"
2,"國民黨 嚇大 的","無咧信 你"
1,"二角 找 五仙","角五覺 悟"
3,"胡 螓跋 落 滷 缸","活活 滷 死 活活 累死"
3,"宮中 太監","大勢 已 去"
2,"路燈","照 公道"
2,"摸蜊 仔 兼 洗褲","順續工"
3,"貓哭 鳥鼠","假 有心"
3,"貓鼠 同眠","無 可能"
3,"孔子 的 背包","書 袋子 書 呆子"
2,"酒精 點火","當燃 當然"
3,"大哥 坐無正","歪哥"
3,"乞食 攑 蠓 摔 仔","假仙"
1,"腹肚 內 蝒 蟲","逐項 懂"
2,"親家 大腸挾 去 配","屎 栱 使講"
3,"共客 兄 戴孝","呣 情願"
3,"缺 喙","歹 唚 歹心"
3,"太監 娶 娒","有孔 無 榫"
3,"紅 龜 粿 包 鹹 菜","無好貨"
3,"離天 七里 外路","離譜 無譜"
3,"五佰錢 的 豬仔","捾 一支 喙"
3,"媽祖遊 街","宣神 攀藤"
3,"擔 山填海","了 憨工"
3,"算盤 扑 呣 著","誤算"
3,"麵 線網 鴨 仔","免網 免望"
2,"猴 踅 桶","尾步"
3,"一 畚箕 塗蚓 拄 著 鴨母","無夠 看"
3,"烏糖 浸水","溶 了 了"
3,"骹 帛 布掛 竹篙","臭 颺"
3,"棍仔 摃 銅鑼","悾 悾"
2,"三姑 做滿 月","公暢 講暢"
3,"未生 囝 先號 名","本末倒置"
1,"鳥鼠 走入 煙囪 內","夠嗆"
3,"小卒 想要 升將 軍","誠 拚 咧"
3,"乞食 講仙話","胡說"
3,"棺 柴底 唱歌","呣 知 死活"
3,"蜂巢","百百孔"
2,"立地成佛","放 捨"
3,"青 瞑 歕 鼓吹","青吹白 吹青 催白 催"
3,"囡 仔食 紅 蟳","愛 栱 愛講"
2,"赤 查 娒 俱 樂 部","獅子會"
3,"染布 的 放 屎","戥 星"
3,"大紅花","呣 知醜"
3,"螞蟻 搬茨","呣 是 風 就是 雨"
2,"九月 風 颱","無人知"
3,"乞食 討黃蓮","自討苦 吃"
3,"豬 母 撁 去 牛 墟","呣 著"
3,"老姑婆 嫁 尫","嫁 了 加勞"
3,"番 麥爛 一 爿","半穗 半 遂"
3,"阿公 食黃蓮","苦爺 苦 也"
3,"十 老九","膨風"
3,"仁和 街 的 阿兄 仔","等 死"
1,"日本 凊 飯壽司","四是"
3,"豆腐 摃 石頭","無路 用"
3,"提 薑 母 拭目 墘","假哭"
2,"嬤","朆 認得松 的"
3,"十七 兩","翹 翹"
3,"灶 骹 的 桌布","揩油"
3,"蝦 仔 行路","倒彈"
2,"尖擔 捲 草 蓆","雙頭 尖"
2,"閹雞 啄 碎米","罔渡"
3,"蕭鄉 長 批 公文","事實者 可"
3,"客人 仔雞 屎","雞 屎 該 死"
3,"張飛 穿針","大眼瞪 小眼"
3,"籠床 蓋蓋 無合","漏 喟"
3,"謝將 軍 消遣 范將 軍","七 的 笑 八 的"
1,"乞食 死 佇馬 椆 內","算 朆 醜"
3,"初二 三 的 月 娘","不明不白"
3,"十個 老爸","十種 雜種"
1,"教授 看易經","一本 正經"
1,"攑 箭 拜 觀 音","射神 謝神"
3,"用酒 矸 仔承 雨水","矸承 奸臣"
3,"石門 水庫 淹 大水","擋 朆 稠"
3,"擔肥 去 市場","賣 屎 朆 使"
3,"三代 好額 一代 乞食","散短 散底"
1,"尻 川 行經","當紅 上紅"
2,"嬤生孫","公暢 講暢"
3,"六月 芥菜","假 有心"
1,"海底 種蔥","根底 深"
1,"鴨母 食石頭 仔","硬頸定規"
3,"田蛉 稽 著 蜘蛛 網","真 不幸"
3,"金剛 踏 小鬼","無範"
2,"攑 量 仔 量 棺 柴","大 鈎 棺大交關"
2,"棺柴 落底","漏板 老 闆"
2,"烘田蛤仔","燒蛤相害"
3,"跛腳臆 墓 粿","雙頭 無 一 齩"
2,"尻 川 生粒 仔","朆 坐 朆 多"
3,"棚頂 的 皇帝","做無久"
3,"村長 看批","可惜"
1,"獨眼龍 看戲","一目了然"
2,"白紙 寫 烏字","烏白 分明"
3,"太子 爺 起步","踉港"
3,"秀才 手巾 仔","包書 包輸"
3,"尻 川裂 到 喙","大裂"
3,"哥哥 不 在家","嫂來 少來"
3,"貓仔食 麵 龜","偽善"
2,"雞母 叫 更","充公"
3,"學 剃頭 拄 著 鬍 鬚","難 剃 難題"
1,"美容院","成人之美"
3,"老阿婆 穿 針離","真遠 咧"
3,"瘟 痀","朆 直"
3,"日本 銅鼎","無臍 無才"
3,"草帽 爛了邊","無 沿無綠"
3,"濁水溪 放草魚","無 採工"
3,"瘟 痀 馬","駱駝 樂 逃"
3,"閻羅王 開 酒店","呣 驚 死 的 做汝來"
3,"墓 仔埔做 大水","濕墓 失望"
3,"抾 石頭 擋 路","絕交"
3,"歪 喙 仔照 鏡","現醜獻醜"
1,"路邊 鳥 菝","穩當"
3,"跛 骹 臆 墓 粿","雙面 無 一 齩"
3,"火燒 草埔","無救"
3,"雞公 的 某","雞母 加舞"
2,"萬財 背死囡 仔","後 擺補 你"
2,"細姨 講話","小說"
1,"攑 竹篙 入 城","直來 直往"
3,"水鬼 騙 城隍","騙內 行人"
3,"鶆 鴞 挾 雞 仔","死 啊 死 啊"
1,"瘂 口 讀冊","無 問題"
3,"泥 菩薩 洗面","濕 面子 失 面子"
2,"鬼仔 呣 食淡飯","要 鹽 謠言"
3,"墓 仔埔童 乩","講鬼話"
2,"廳頭 吊聯","看款"
3,"囡 仔 唱歌","無譜"
2,"葫蘆 墩 白米","無糙 無錯"
2,"紅毛塗 攪砂","結硬 決定"
3,"鴨母 食著 水龜","進退 兩難"
3,"荷蘭豆性","緊熟 緊性"
3,"葵扇 頭扑人 朆 痛","起工 呣 是 按 呢"
2,"尖刀 拄 心肝 頭","忍 一下"
3,"歸張 紙畫 一尊 觀音","大面 神"
3,"螞蟻 跋 落鼎","炒 死 吵 死"
2,"和尚 拜 丈姆娘","妻身 何處 棲身 何處"
2,"鏡破 去","兩 分明"
3,"大海 無嵌 蓋","朆 去 跳"
2,"春天 的 菓 子園","有 桃李 有 道理"
3,"一領 被 仔 三支 腿","應付 朆 了"
3,"土匪 做戲","惡作劇"
3,"臭頭 包布","防 螓風神"
3,"抽 籤 洗身 軀","摳 洗"
3,"破卡 仔跋牌 仔","食一 隻 象"
3,"閻羅王 挨 弦 仔","鬼扯"
3,"閻羅王 娘娘 病 囝","心懷 鬼胎"
3,"蟲入 螞蟻 巢","穩無命"
2,"三十六 計","走 為 先"
3,"歸身 蓋 棉被","無頭 無面"
3,"好 花插 牛屎","無採"
1,"人 佇路 燈 骹","有影"
2,"青 瞑 無 柺 仔","摸 去 罔 去"
1,"乞食 唱山歌","涼火"
3,"鴨母 王來 到 水尾 寮","死路 一條"
1,"半 暝 撞 城門","有 够力"
3,"石加路 出來 的","戇番"
3,"藥店 甘草","雜 偛"
3,"豬 八戒 拜 天公","家 己 刣 家 己"
3,"載塗炭 沿路 漏","炭屎 漏 屎"
1,"獨臂將 軍","有 一手"
2,"鹹 菜 煮 豆腐","不必 多鹽 不必 多言"
3,"二 三四 五六","無一無衣"
3,"扑手 槍","律師"
3,"鯽 仔魚 食著 茶箍水","注死"
3,"剖腹 提囡 仔","破產"
1,"警察 叫 保正","好勢"
1,"飯店 兼 掠龍","有食 佫 有 掠"
3,"膦 脬 互椅 仔夾著","歹辦"
3,"老 阿伯 爬山","邊仔喘"
3,"火燒 甘蔗 園","無葉 無合"
2,"北港 牛墟","闊 茫茫"
2,"門牌 改一號","換頭家"
3,"水肥 車排 歸列","拖 屎 連拖屎 憐"
3,"暗房 穿針","難過"
3,"貓仔跋落 布袋 內","朆 出頭"
3,"老人 食 紅 蟳","栱 無效 講無效"
3,"水仙 無開花","裝蒜"
3,"牛鼻 拄 著 賊 手","去 矣"
3,"火車 嚎 憑 久","越響 越氣 越 想 越氣"
3,"閻羅王 的 老爹","老鬼"
2,"骹 底 抹 油","溜"
3,"喙 角 抹粉","食 白白 食"
3,"乞食 婆綴 人 造反","趁人"
2,"阿棋 吞 借據","哎 就 落 去 矣"
3,"新娘 守空房","有孔 無 榫"
3,"豬哥 屎 喙","歹聽"
3,"一手 夯香 一手 夯銃","射神 謝神"
3,"囡 仔跋 倒","媽媽 撫膚 馬 馬 虎虎"
3,"膦 脬 皮磨 剃頭 刀","危險"
3,"看戲 流目 屎","替人 擔憂"
1,"查 娒 囡 仔 大 漢","好 嫁 好價"
2,"憨 標給 人倩 哭","攏 嘛 為 著 錢"
3,"水 蛙跳 落魚池","噗通 不通"
2,"師公 的 囊袋 仔","袋符 仔弟 婦仔"
2,"瘟 痀 駛 落崎","栽 栽 知知"
3,"米缸 仔 摃 銅鐘","空空空"
1,"缺嘴 歕 鼓吹","合合"
3,"茶罐 破孔","漏茶 漏題"
3,"一丈 欠 九尺","差遠 咧"
3,"肚臍 講話","腰言 謠言"
3,"三十 暗送 神","太慢"
3,"犯人 押到 教場 埔","無頭路"
3,"裁縫 無 帶尺","存心 不量 存心 不量"
3,"青啼仔 生鵝蛋","真 拚 咧"
1,"青瞑貓 咬 著 死 鳥鼠","福氣 啦"
1,"新埔 椪 柑","上 好"
3,"滿面 全 豆花","歹看"
3,"閻羅王 投稿","鬼話 連篇"
1,"牽 被 蓋 骹","拄 仔好"
1,"半天 雲內 的 路 燈","高明"
3,"扑 呣 見 藥單","註 死"
3,"阿伯 仔 爬山","邊仔喘"
2,"布袋 仔哭 老爸","想著 錢"
3,"十二月 天 睏 茨 頂","凍霜"
3,"金碗 貯糜","扑損"
3,"恁 兜 賣 火炭","烏 鼻孔 黑白 講"
3,"田寮 仔 的 土地公","守仙 酒仙"
3,"棉紗 浸水","歹紡"
2,"一碗 飯 貯半點鐘","僫 貯 澳 底"
3,"北港 媽祖 出巡","無旗 不 有 無奇 不 有"
3,"北港 媽祖","蔭外莊"
3,"鳥鼠跋落 去 冊箱 仔","咬文嚼字"
3,"有 棺 柴無靈位","虛有 其表"
3,"矮 仔人 看戲","跟 人 嘩"
3,"鳥鼠 穿 草鞋","骹 卡大身"
2,"加 蚋 埔 水牛","好 中晝"
2,"鳥鼠 無 洗身 軀","有鼠味 有 趣味"
1,"彰化 社頭","蕭 一半 瘋 一半"
3,"插雉 雞尾","假番"
3,"鹹 魚 搵 豆油","鹹 拄 鹹"
3,"保護視力","小心眼"
3,"塗豆 炒 過火","苦仁 可憐"
3,"點心 丟土角","放炮"
3,"牛 面前 讀經","無採 喙 瀾"
3,"朴仔 骹 香爐","大耳"
3,"青瞑點 燈","無 採工"
3,"手尾 錢","死人款"
3,"噌 瓜子","吞吞吐吐"
2,"查 娒 人 褪 衫","現乳現 拿"
3,"北港 廟 石壁","厚畫 厚 話"
3,"吊肉跋 死貓","看有 食 無"
3,"鳥鼠 泅過 溪","人人 嘩 扑"
3,"仕相 俥 傌 炮兵","欠帥"
2,"兩个 屎 礐 三个 人放 屎","無便 無變"
3,"草索 仔縛 豆腐","去 了 了"
3,"麻豆 旗竿 仔","青仔 欉"
3,"閹雞 趁鳳飛","跟 人 朆 著"
2,"半 暝 過吊橋","步步小心"
3,"白 薑 搵 醋","酸 佫 薟"
3,"倩 鬼 提藥單","穩死"
3,"教練機 仔翻 畚斗","顛倒 是非"
3,"牛肉 灌水","沓 滴"
3,"杜康 過身","酒鬼"
2,"外甥 夯燈 籠","照舅 照舊"
1,"鳥鼠 仔鑽入 牛角","穩篤 篤"
3,"戇 小子 呣 懂 冰糖","好 礬 好 煩"
3,"錫口 鋤頭","喙 利"
2,"八字 無 一撇","無 眉目"
3,"大象 的 尻 川","推 朆 振動"
2,"布袋 戲 尪 仔師","大小 骹"
3,"空心菜 頭","會 看 朆 食 咧"
3,"便 所 內彈 吉他","臭彈"
3,"大將 軍跋落 馬","活踏死"
2,"過年 無返 去 茨","無 娒"
2,"行暗 路 假嗽","壯膽"
3,"抦 著 膦 屌","呣 知頭 尾"
3,"無 刀削 鳳梨","咬 目礙目"
3,"壽星 唱歌","老調"
3,"西裝 社歇 睏","無 服不服"
3,"香港 骹 發作","皮癢"
3,"橐 袋 仔 四角","無錢"
3,"鹽館 稱錘","鹹 佫 硬"
3,"家己 燒香","朆 講歹 話"
3,"眠 床 骹 歕 鼓吹","低聲 下氣"
3,"溝底 蜈蚣","無 目 睭"
3,"五十 歲 做 和尚","半路出家"
3,"食飽 做 飽 鬼","膨肚 短命"
3,"客人 仔食 龍眼","死 憖 憖"
1,"十二月 甘蔗","兩頭 甜"
3,"大倌 與 新 婦生 的 囝 仔","呣 成子孫"
2,"底片 走 光","無影"
3,"鹹 水潑面","有食 無 偆"
3,"五月 黃 梅天","無晴 無情"
3,"死人化 粧","死 愛 面子"
3,"屎 桶 太 淺","拄 膦 賭爛"
3,"閻羅王 的 心機","鬼計 多端"
3,"阿里山 火車","碰壁"
1,"大腹 肚招 尪","一舉 兩得"
3,"鱸 鰻標 看 新聞","陣勢 大"
2,"一日 夫妻","寡緊 趕緊"
2,"歸 欉 樹仔 好好","無 剉 無錯"
3,"二十 兩 拄 仔好","斤 四 近視"
3,"鴨蛋 俥 倒擔","看破"
1,"三藏 取經","著猴"
3,"半 暝 仔食 西瓜","天光 反症"
3,"用 火炭 做 枕頭","烏頸 烏龜"
3,"杭州 客","對半說"
3,"師公 他 兜 火燒 茨","朆 嚷 咧"
2,"愚人 攑 槍","罔 踅"
3,"公共 便 所 丟木彈","激起 公糞 激起 公憤"
2,"古井 死 鮕 鮐","臭水 秀水"
3,"美容 師","給你 好看"
3,"豬 八戒 翕 像","自找 難看 自找 難堪"
3,"烏卒 仔過 河","撈 過界"
3,"六月 菜頭","半頭 青"
3,"閻羅王 出火 籤","該 死"
3,"北港 廟壁 畫仙","話 仙"
2,"年尾 無返 去 茨","無 娒"
2,"總 烳 師 返 去","呣 加 你 炒 呣 加 你 吵"
3,"脫 褲圍 大海","痟 貪"
2,"黃 梔 仔樹頂 彈琴","苦中 作樂"
3,"東埔 的 巡查","松本 傷本"
2,"烏龜 相扑","看 誰 硬"
1,"鳥鼠 食油","目 睭 金"
3,"屎 桶 五分 滇","半桶 屎 仔 半桶 師仔"
2,"乞食 過溪","行李 多"
3,"水蛙 生尾","假龜"
3,"寡婦生 囝","來路 不明"
1,"舊社 背鼓 的","無伊 朆 使"
3,"二粒 楊桃排 做伙","十 棯 雜 唸"
3,"十五 枝 枴 仔夯 雙手","七拐八拐"
2,"貓仔食 鹽","存辦 死"
1,"雞 仔跋落 米 甕","好食 睏"
3,"對頭 冤家 主","礙目"
3,"三禮 拜六點鐘","食醋"
3,"大目 降 的 牛販","先講 先贏"
3,"水牛 漏屎","歹運"
2,"土地公 坐凸椅","養神"
3,"乞食 呵 咾 身份 好","呣 知醜"
1,"順風 好駛船","順勢 好勢"
2,"瘂 口 相扑","是非 難分"
3,"青瞑放粉 鳥","呣 知 去向"
2,"運動 裁判","擔輸贏"
3,"番仔 銅鼎","無臍 無才"
3,"公賣局","孤行 獨市"
3,"司機 辭職","想 朆 開"
3,"半 暝 仔 爬山","呣 知 懸低"
1,"順風 好駛車","順勢 好勢"
1,"外省人 食長 壽 麵","麵 線免 仙"
1,"瘂 口 抾 著 錢","好到 無話講"
1,"攑 樓 梯 入 城","直來 直往"
1,"獨目 仔 看戲","一目了然"
1,"瘂 口 抾 著黃金","好到 無話講"
1,"乞食 抾 著 錢","爽死"
2,"姜子牙 釣魚","願者 上 鈎 願者 成交"
2,"蠓 仔叮鴨 蛋","無孔 不入"
1,"仙人 放臭屁","不同 凡響"
1,"美 髮 院","成人之美"
1,"青瞑得獎","暗爽"
1,"一孔 掠 兩 隻","好孔"
1,"煮熟 的 蝦 仔","紅仁紅人"
1,"棉被 內 放臭屁","能聞 能 摀 能文能武"
1,"燒鼎 煮魚","連蹦帶 跳"
1,"火燒 少林寺","廟災 妙哉"
2,"太監","斷根"
2,"一個 半斤 一個 八 兩","兩個 相當"
1,"彰化 肉圓","食好鬥 相報"
1,"青 瞑 挽 木瓜","穩當"
1,"火燒林 投樹","朆 死心"
1,"阿督仔 的 雞 蛋糕","客氣"
1,"和尚 要 借 錢","廟 急妙極"
2,"大廟 的 石獅","年 年 有"
1,"和尚 相扑","無鬃 通 搝"
2,"尻 川生 痔瘡","朆 坐 無多"
1,"乞食 死 佇豬 椆 內","算 朆 醜"
2,"青瞑顧 西瓜","罔 嘩"
1,"鐵木真 放臭屁","有元氣"
1,"蔭豉 炒 蚵 仔","正味"
1,"狀元見 官","不 跪 不貴"
1,"囡 仔食枝 仔糖","嚐到 甜頭"
1,"紅毛塗 攪沙","搞 硬 搞定"
2,"蠓 仔叮鵝蛋","無孔 不入"
2,"和尚 娶 娒","罕咧幾時"
1,"水鬼 當 城隍","高升"
1,"成吉思汗 放臭屁","有元氣"
2,"棺柴 沒底","漏板 老 闆"
1,"壁蝨","有入 無出"
1,"攑 箭 拜 媽 祖","射神 謝神"
1,"老人 食補藥","老熱"
1,"人客 放臭屁","客氣"
1,"半 暝 吹 冷氣","暗爽"
2,"鹹 魚煮 豆腐","不必 多鹽 不必 多言"
1,"半 暝 仔吹電風","暗爽"
1,"彩色 電視機","有聲 有色"
2,"綠島 設機場","有機 可 乘"
2,"瘂 口 仔買菜","用手 比卡緊"
2,"乞食 過河","行李 多"
1,"雞公跋落 米 甕","好食 睏"
2,"尻 川生 痘 仔","朆 坐 無多"
1,"水鬼 做 城隍","高升"
1,"孟子 放屁","文氣 沖 天"
1,"火燒林 投樹","朆 放棄"
1,"閻羅王 的 娒","查 娒 鬼 仔"
1,"雞母 跋落 米 甕","好食 睏"
1,"青 瞑 挽 西瓜","穩當"
1,"尻 川破 痔瘡","當紅"
2,"百姓 公廟 的 象杯","結做伙"
1,"包公 辦案","鐵面 無私"
2,"青瞑顧 擔仔","罔 嘩"
1,"死 尫 無愛嫁","老守 老手"
2,"和尚 娶 娒","暗中行事"
1,"和尚 相扑 搝 頭 毛","無 即款 戴誌"
1,"海底 種菜","根底 深"
1,"黑松沙士","上衝"
2,"乞食 賣 乞食 碗","轉行"
1,"貓仔 俥 倒 飯","狗 暢夠 爽"
1,"尼姑 摸 著 膦 屌","阿彌陀佛"
2,"八兩換 半斤","誰 也 無食 虧"
1,"瘂 口 娶 娒","好到 無話講"
1,"和尚 上 當店","廟 急妙極"
1,"青瞑貓 咬 著 死 粉鳥","福氣 啦"
2,"青瞑看戲","聽聲"
1,"老壽星 背算盤","老謀 深算"
2,"青瞑顧 木瓜","罔 嘩"
1,"尻 川破 痔瘡","當紅 上紅"
1,"乞食 抾 著黃金","爽死"
1,"關老爺 看 春秋","一目了然"
1,"土地公 呣 驚 地震","老神在在"
1,"老 道士 放臭屁","句句 真言"
1,"孟子 放臭屁","文氣 沖 天"
1,"港內駛船","內航 內行"
1,"十二月 豬油","穩凍 穩當"
1,"乞食 死 佇雞 椆 內","算 朆 醜"
1,"魚池 乾水","罔 掠"
1,"乞食 唱 客人 仔歌","涼火"
2,"尻 川生 痘 仔","朆 坐 朆 多"
1,"攑 竹篙 仔入 城","直來 直往"
1,"乞食 死 佇牛 椆 內","算 朆 醜"
2,"尻 川生 痔瘡","朆 坐 朆 多"
1,"屎 桶 內 掏 屎","真便"
2,"大眾爺 廟 的 象杯","結做伙"
1,"老馬換 老牛","雙人暢"
1,"火燒靈 穩寺","廟災 妙哉"
1,"乞食 抾 著 錢","暢死"
1,"棉被 內 放臭屁","獨響 獨享"
2,"孔子 的 學生","賢人 閒人"
1,"日本 冷飯","壽司 四 是"
1,"半 暝 仔撞 城門","有 够力"
2,"客人 仔 歕 鼓吹","嘟嘟 吼 拄 拄 好"
1,"大箍食 肥肉","加油 加油"
2,"草魚 放落 埤","去 著 呣 知通 返來"
2,"鎮守 古寺","老神在在"
1,"瘟 痀 娶 大肚 娒","合合"
1,"日頭 落山","上紅"
1,"包青天 辦案","鐵面 無私"
1,"長 頸 鹿關 在 牛群","非常 突出"
2,"歸 欉 好好","無 剉 無錯"
1,"青瞑挽柑 仔","穩當"
1,"無牙 仔食 豆花","拄 拄 好"
2,"日本 人 的 丁字 褲","假褲 假酷"
1,"矮 仔人 坐 電梯","步步高升"
2,"廳頭 對聯","看款"
1,"大腹 肚招 尪","一石二鳥"
1,"孔子 公 放臭屁","文氣 沖 天"
